Workbook

Sheet 包装資材
C1: 下関営業所包装資材
C2: 1．2024年
E3: 売上 | L3: 粗利益 | S3: 粗利益率
E4: 45383 | F4: 45413 | G4: 45444 | H4: 45474 | I4: 45505 | J4: 45536 | K4: 合計 | L4: 45383 | M4: 45413 | N4: 45444 | O4: 45474 | P4: 45505 | Q4: 45536 | R4: 合計 | S4: 45017 | T4: 45047 | U4: 45078 | V4: 45108 | W4: 45139 | X4: 45170 | Y4: 合計
C5: 0021 集計 | D5: 高橋所長 | E5: =全体!E5-機械!E5 | F5: =全体!F5-機械!F5 | G5: =全体!G5-機械!G5 | H5: =全体!H5-機械!H5 | I5: =全体!I5-機械!I5 | J5: =全体!J5-機械!J5 | K5: =SUM(E5:J5) | L5: =全体!L5-機械!L5 | M5: =全体!M5-機械!M5 | N5: =全体!N5-機械!N5 | O5: =全体!O5-機械!O5 | P5: =全体!P5-機械!P5 | Q5: =全体!Q5-機械!Q5 | R5: =SUM(L5:Q5) | S5: =IF(E5=0,"***",L5/E5) | T5: =IF(F5=0,"***",M5/F5) | U5: =IF(G5=0,"***",N5/G5) | V5: =IF(H5=0,"***",O5/H5) | W5: =IF(I5=0,"***",P5/I5) | X5: =IF(J5=0,"***",Q5/J5) | Y5: =IF(K5=0,"***",R5/K5)
C6: 0024 集計 | D6: 東野 | E6: =全体!E6-機械!E6 | F6: =全体!F6-機械!F6 | G6: =全体!G6-機械!G6 | H6: =全体!H6-機械!H6 | I6: =全体!I6-機械!I6 | J6: =全体!J6-機械!J6 | K6: =SUM(E6:J6) | L6: =全体!L6-機械!L6 | M6: =全体!M6-機械!M6 | N6: =全体!N6-機械!N6 | O6: =全体!O6-機械!O6 | P6: =全体!P6-機械!P6 | Q6: =全体!Q6-機械!Q6 | R6: =SUM(L6:Q6) | S6: =IF(E6=0,"***",L6/E6) | T6: =IF(F6=0,"***",M6/F6) | U6: =IF(G6=0,"***",N6/G6) | V6: =IF(H6=0,"***",O6/H6) | W6: =IF(I6=0,"***",P6/I6) | X6: =IF(J6=0,"***",Q6/J6) | Y6: =IF(K6=0,"***",R6/K6)
C7: 0025 集計 | D7: 橋本課長 | E7: =全体!E7-機械!E7 | F7: =全体!F7-機械!F7 | G7: =全体!G7-機械!G7 | H7: =全体!H7-機械!H7 | I7: =全体!I7-機械!I7 | J7: =全体!J7-機械!J7 | K7: =SUM(E7:J7) | L7: =全体!L7-機械!L7 | M7: =全体!M7-機械!M7 | N7: =全体!N7-機械!N7 | O7: =全体!O7-機械!O7 | P7: =全体!P7-機械!P7 | Q7: =全体!Q7-機械!Q7 | R7: =SUM(L7:Q7) | S7: =IF(E7=0,"***",L7/E7) | T7: =IF(F7=0,"***",M7/F7) | U7: =IF(G7=0,"***",N7/G7) | V7: =IF(H7=0,"***",O7/H7) | W7: =IF(I7=0,"***",P7/I7) | X7: =IF(J7=0,"***",Q7/J7) | Y7: =IF(K7=0,"***",R7/K7)
C8: 0026 集計 | D8: 井上課長 | E8: =全体!E8-機械!E8 | F8: =全体!F8-機械!F8 | G8: =全体!G8-機械!G8 | H8: =全体!H8-機械!H8 | I8: =全体!I8-機械!I8 | J8: =全体!J8-機械!J8 | K8: =SUM(E8:J8) | L8: =全体!L8-機械!L8 | M8: =全体!M8-機械!M8 | N8: =全体!N8-機械!N8 | O8: =全体!O8-機械!O8 | P8: =全体!P8-機械!P8 | Q8: =全体!Q8-機械!Q8 | R8: =SUM(L8:Q8) | S8: =IF(E8=0,"***",L8/E8) | T8: =IF(F8=0,"***",M8/F8) | U8: =IF(G8=0,"***",N8/G8) | V8: =IF(H8=0,"***",O8/H8) | W8: =IF(I8=0,"***",P8/I8) | X8: =IF(J8=0,"***",Q8/J8) | Y8: =IF(K8=0,"***",R8/K8)
C9: 0027 集計 | D9: 中国 | E9: =全体!E9-機械!E9 | F9: =全体!F9-機械!F9 | G9: =全体!G9-機械!G9 | H9: =全体!H9-機械!H9 | I9: =全体!I9-機械!I9 | J9: =全体!J9-機械!J9 | K9: =SUM(E9:J9) | L9: =全体!L9-機械!L9 | M9: =全体!M9-機械!M9 | N9: =全体!N9-機械!N9 | O9: =全体!O9-機械!O9 | P9: =全体!P9-機械!P9 | Q9: =全体!Q9-機械!Q9 | R9: =SUM(L9:Q9) | S9: =IF(E9=0,"***",L9/E9) | T9: =IF(F9=0,"***",M9/F9) | U9: =IF(G9=0,"***",N9/G9) | V9: =IF(H9=0,"***",O9/H9) | W9: =IF(I9=0,"***",P9/I9) | X9: =IF(J9=0,"***",Q9/J9) | Y9: =IF(K9=0,"***",R9/K9)
C10: 0028 集計 | D10: 自治体
C11: 0029 集計 | D11: その他 | E11: =全体!E11-機械!E11 | F11: =全体!F11-機械!F11 | G11: =全体!G11-機械!G11 | H11: =全体!H11-機械!H11 | I11: =全体!I11-機械!I11 | J11: =全体!J11-機械!J11 | K11: =SUM(E11:J11) | L11: =全体!L11-機械!L11 | M11: =全体!M11-機械!M11 | N11: =全体!N11-機械!N11 | O11: =全体!O11-機械!O11 | P11: =全体!P11-機械!P11 | Q11: =全体!Q11-機械!Q11 | R11: =SUM(L11:Q11) | S11: =IF(E11=0,"***",L11/E11) | T11: =IF(F11=0,"***",M11/F11) | U11: =IF(G11=0,"***",N11/G11) | V11: =IF(H11=0,"***",O11/H11) | W11: =IF(I11=0,"***",P11/I11) | X11: =IF(J11=0,"***",Q11/J11) | Y11: =IF(K11=0,"***",R11/K11)
C12: 合計 | E12: =SUM(E5:E11) | F12: =SUM(F5:F11) | G12: =SUM(G5:G11) | H12: =SUM(H5:H11) | I12: =SUM(I5:I11) | J12: =SUM(J5:J11) | K12: =SUM(E12:J12) | L12: =SUM(L5:L11) | M12: =SUM(M5:M11) | N12: =SUM(N5:N11) | O12: =SUM(O5:O11) | P12: =SUM(P5:P11) | Q12: =SUM(Q5:Q11) | R12: =SUM(L12:Q12) | S12: =IF(E12=0,"***",L12/E12) | T12: =IF(F12=0,"***",M12/F12) | U12: =IF(G12=0,"***",N12/G12) | V12: =IF(H12=0,"***",O12/H12) | W12: =IF(I12=0,"***",P12/I12) | X12: =IF(J12=0,"***",Q12/J12) | Y12: =IF(K12=0,"***",R12/K12)
C14: 2．2025年
E15: 売上 | L15: 粗利益 | S15: 粗利益率
E16: 45748 | F16: 45778 | G16: 45809 | H16: 45839 | I16: 45870 | J16: 45901 | K16: 合計 | L16: 45748 | M16: 45778 | N16: 45809 | O16: 45839 | P16: 45870 | Q16: 45901 | R16: 合計 | S16: 45748 | T16: 45778 | U16: 45809 | V16: 45839 | W16: 45870 | X16: 45901 | Y16: 合計
C17: 0021 集計 | D17: 高橋所長 | E17: =全体!E17-機械!E17 | F17: =全体!F17-機械!F17 | G17: =全体!G17-機械!G17 | H17: =全体!H17-機械!H17 | I17: =全体!I17-機械!I17 | J17: =全体!J17-機械!J17 | K17: =SUM(E17:J17) | L17: =全体!L17-機械!L17 | M17: =全体!M17-機械!M17 | N17: =全体!N17-機械!N17 | O17: =全体!O17-機械!O17 | P17: =全体!P17-機械!P17 | Q17: =全体!Q17-機械!Q17 | R17: =SUM(L17:Q17) | S17: =IF(E17=0,"***",L17/E17) | T17: =IF(F17=0,"***",M17/F17) | U17: =IF(G17=0,"***",N17/G17) | V17: =IF(H17=0,"***",O17/H17) | W17: =IF(I17=0,"***",P17/I17) | X17: =IF(J17=0,"***",Q17/J17) | Y17: =IF(K17=0,"***",R17/K17)
C18: 0024 集計 | D18: 東野 | E18: =全体!E18-機械!E18 | F18: =全体!F18-機械!F18 | G18: =全体!G18-機械!G18 | H18: =全体!H18-機械!H18 | I18: =全体!I18-機械!I18 | J18: =全体!J18-機械!J18 | K18: =SUM(E18:J18) | L18: =全体!L18-機械!L18 | M18: =全体!M18-機械!M18 | N18: =全体!N18-機械!N18 | O18: =全体!O18-機械!O18 | P18: =全体!P18-機械!P18 | Q18: =全体!Q18-機械!Q18 | R18: =SUM(L18:Q18) | S18: =IF(E18=0,"***",L18/E18) | T18: =IF(F18=0,"***",M18/F18) | U18: =IF(G18=0,"***",N18/G18) | V18: =IF(H18=0,"***",O18/H18) | W18: =IF(I18=0,"***",P18/I18) | X18: =IF(J18=0,"***",Q18/J18) | Y18: =IF(K18=0,"***",R18/K18)
C19: 0025 集計 | D19: 橋本課長 | E19: =全体!E19-機械!E19 | F19: =全体!F19-機械!F19 | G19: =全体!G19-機械!G19 | H19: =全体!H19-機械!H19 | I19: =全体!I19-機械!I19 | J19: =全体!J19-機械!J19 | K19: =SUM(E19:J19) | L19: =全体!L19-機械!L19 | M19: =全体!M19-機械!M19 | N19: =全体!N19-機械!N19 | O19: =全体!O19-機械!O19 | P19: =全体!P19-機械!P19 | Q19: =全体!Q19-機械!Q19 | R19: =SUM(L19:Q19) | S19: =IF(E19=0,"***",L19/E19) | T19: =IF(F19=0,"***",M19/F19) | U19: =IF(G19=0,"***",N19/G19) | V19: =IF(H19=0,"***",O19/H19) | W19: =IF(I19=0,"***",P19/I19) | X19: =IF(J19=0,"***",Q19/J19) | Y19: =IF(K19=0,"***",R19/K19)
C20: 0026 集計 | D20: 井上課長 | E20: =全体!E20-機械!E20 | F20: =全体!F20-機械!F20 | G20: =全体!G20-機械!G20 | H20: =全体!H20-機械!H20 | I20: =全体!I20-機械!I20 | J20: =全体!J20-機械!J20 | K20: =SUM(E20:J20) | L20: =全体!L20-機械!L20 | M20: =全体!M20-機械!M20 | N20: =全体!N20-機械!N20 | O20: =全体!O20-機械!O20 | P20: =全体!P20-機械!P20 | Q20: =全体!Q20-機械!Q20 | R20: =SUM(L20:Q20) | S20: =IF(E20=0,"***",L20/E20) | T20: =IF(F20=0,"***",M20/F20) | U20: =IF(G20=0,"***",N20/G20) | V20: =IF(H20=0,"***",O20/H20) | W20: =IF(I20=0,"***",P20/I20) | X20: =IF(J20=0,"***",Q20/J20) | Y20: =IF(K20=0,"***",R20/K20)
C21: 0027 集計 | D21: 中国 | E21: =全体!E21-機械!E21 | F21: =全体!F21-機械!F21 | G21: =全体!G21-機械!G21 | H21: =全体!H21-機械!H21 | I21: =全体!I21-機械!I21 | J21: =全体!J21-機械!J21 | K21: =SUM(E21:J21) | L21: =全体!L21-機械!L21 | M21: =全体!M21-機械!M21 | N21: =全体!N21-機械!N21 | O21: =全体!O21-機械!O21 | P21: =全体!P21-機械!P21 | Q21: =全体!Q21-機械!Q21 | R21: =SUM(L21:Q21) | S21: =IF(E21=0,"***",L21/E21) | T21: =IF(F21=0,"***",M21/F21) | U21: =IF(G21=0,"***",N21/G21) | V21: =IF(H21=0,"***",O21/H21) | W21: =IF(I21=0,"***",P21/I21) | X21: =IF(J21=0,"***",Q21/J21) | Y21: =IF(K21=0,"***",R21/K21)
C22: 0028 集計 | D22: 自治体
C23: 0029 集計 | D23: その他 | E23: =全体!E23-機械!E23 | F23: =全体!F23-機械!F23 | G23: =全体!G23-機械!G23 | H23: =全体!H23-機械!H23 | I23: =全体!I23-機械!I23 | J23: =全体!J23-機械!J23 | K23: =SUM(E23:J23) | L23: =全体!L23-機械!L23 | M23: =全体!M23-機械!M23 | N23: =全体!N23-機械!N23 | O23: =全体!O23-機械!O23 | P23: =全体!P23-機械!P23 | Q23: =全体!Q23-機械!Q23 | R23: =SUM(L23:Q23) | S23: =IF(E23=0,"***",L23/E23) | T23: =IF(F23=0,"***",M23/F23) | U23: =IF(G23=0,"***",N23/G23) | V23: =IF(H23=0,"***",O23/H23) | W23: =IF(I23=0,"***",P23/I23) | X23: =IF(J23=0,"***",Q23/J23) | Y23: =IF(K23=0,"***",R23/K23)
C24: 合計 | E24: =SUM(E17:E23) | F24: =SUM(F17:F23) | G24: =SUM(G17:G23) | H24: =SUM(H17:H23) | I24: =SUM(I17:I23) | J24: =SUM(J17:J23) | K24: =SUM(E24:J24) | L24: =SUM(L17:L23) | M24: =SUM(M17:M23) | N24: =SUM(N17:N23) | O24: =SUM(O17:O23) | P24: =SUM(P17:P23) | Q24: =SUM(Q17:Q23) | R24: =SUM(L24:Q24) | S24: =IF(E24=0,"***",L24/E24) | T24: =IF(F24=0,"***",M24/F24) | U24: =IF(G24=0,"***",N24/G24) | V24: =IF(H24=0,"***",O24/H24) | W24: =IF(I24=0,"***",P24/I24) | X24: =IF(J24=0,"***",Q24/J24) | Y24: =IF(K24=0,"***",R24/K24)
C26: 3．過年度平均
E27: 売上 | L27: 粗利益 | S27: 粗利益率
E28: 45748 | F28: 45778 | G28: 45809 | H28: 45839 | I28: 45870 | J28: 45901 | K28: 合計 | L28: 45748 | M28: 45778 | N28: 45809 | O28: 45839 | P28: 45870 | Q28: 45901 | R28: 合計 | S28: 45748 | T28: 45778 | U28: 45809 | V28: 45839 | W28: 45870 | X28: 45901 | Y28: 合計
C29: 0021 集計 | D29: 高橋所長 | E29: =(E17+E5)/2 | F29: =(F17+F5)/2 | G29: =(G17+G5)/2 | H29: =(H17+H5)/2 | I29: =(I17+I5)/2 | J29: =(J17+J5)/2 | K29: =SUM(E29:J29) | L29: =(L17+L5)/2 | M29: =(M17+M5)/2 | N29: =(N17+N5)/2 | O29: =(O17+O5)/2 | P29: =(P17+P5)/2 | Q29: =(Q17+Q5)/2 | R29: =SUM(L29:Q29) | S29: =IF(E29=0,"***",L29/E29) | T29: =IF(F29=0,"***",M29/F29) | U29: =IF(G29=0,"***",N29/G29) | V29: =IF(H29=0,"***",O29/H29) | W29: =IF(I29=0,"***",P29/I29) | X29: =IF(J29=0,"***",Q29/J29) | Y29: =IF(K29=0,"***",R29/K29)
C30: 0024 集計 | D30: 東野 | E30: =(E18+E6)/2 | F30: =(F18+F6)/2 | G30: =(G18+G6)/2 | H30: =(H18+H6)/2 | I30: =(I18+I6)/2 | J30: =(J18+J6)/2 | K30: =SUM(E30:J30) | L30: =(L18+L6)/2 | M30: =(M18+M6)/2 | N30: =(N18+N6)/2 | O30: =(O18+O6)/2 | P30: =(P18+P6)/2 | Q30: =(Q18+Q6)/2 | R30: =SUM(L30:Q30) | S30: =IF(E30=0,"***",L30/E30) | T30: =IF(F30=0,"***",M30/F30) | U30: =IF(G30=0,"***",N30/G30) | V30: =IF(H30=0,"***",O30/H30) | W30: =IF(I30=0,"***",P30/I30) | X30: =IF(J30=0,"***",Q30/J30) | Y30: =IF(K30=0,"***",R30/K30)
C31: 0025 集計 | D31: 橋本課長 | E31: =(E19+E7)/2 | F31: =(F19+F7)/2 | G31: =(G19+G7)/2 | H31: =(H19+H7)/2 | I31: =(I19+I7)/2 | J31: =(J19+J7)/2 | K31: =SUM(E31:J31) | L31: =(L19+L7)/2 | M31: =(M19+M7)/2 | N31: =(N19+N7)/2 | O31: =(O19+O7)/2 | P31: =(P19+P7)/2 | Q31: =(Q19+Q7)/2 | R31: =SUM(L31:Q31) | S31: =IF(E31=0,"***",L31/E31) | T31: =IF(F31=0,"***",M31/F31) | U31: =IF(G31=0,"***",N31/G31) | V31: =IF(H31=0,"***",O31/H31) | W31: =IF(I31=0,"***",P31/I31) | X31: =IF(J31=0,"***",Q31/J31) | Y31: =IF(K31=0,"***",R31/K31)
C32: 0026 集計 | D32: 井上課長 | E32: =(E20+E8)/2 | F32: =(F20+F8)/2 | G32: =(G20+G8)/2 | H32: =(H20+H8)/2 | I32: =(I20+I8)/2 | J32: =(J20+J8)/2 | K32: =SUM(E32:J32) | L32: =(L20+L8)/2 | M32: =(M20+M8)/2 | N32: =(N20+N8)/2 | O32: =(O20+O8)/2 | P32: =(P20+P8)/2 | Q32: =(Q20+Q8)/2 | R32: =SUM(L32:Q32) | S32: =IF(E32=0,"***",L32/E32) | T32: =IF(F32=0,"***",M32/F32) | U32: =IF(G32=0,"***",N32/G32) | V32: =IF(H32=0,"***",O32/H32) | W32: =IF(I32=0,"***",P32/I32) | X32: =IF(J32=0,"***",Q32/J32) | Y32: =IF(K32=0,"***",R32/K32)
C33: 0027 集計 | D33: 中国 | E33: =(E21+E9)/2 | F33: =(F21+F9)/2 | G33: =(G21+G9)/2 | H33: =(H21+H9)/2 | I33: =(I21+I9)/2 | J33: =(J21+J9)/2 | K33: =SUM(E33:J33) | L33: =(L21+L9)/2 | M33: =(M21+M9)/2 | N33: =(N21+N9)/2 | O33: =(O21+O9)/2 | P33: =(P21+P9)/2 | Q33: =(Q21+Q9)/2 | R33: =SUM(L33:Q33) | S33: =IF(E33=0,"***",L33/E33) | T33: =IF(F33=0,"***",M33/F33) | U33: =IF(G33=0,"***",N33/G33) | V33: =IF(H33=0,"***",O33/H33) | W33: =IF(I33=0,"***",P33/I33) | X33: =IF(J33=0,"***",Q33/J33) | Y33: =IF(K33=0,"***",R33/K33)
C34: 0028 集計 | D34: 自治体
C35: 0029 集計 | D35: その他 | E35: =(E23+E11)/2 | F35: =(F23+F11)/2 | G35: =(G23+G11)/2 | H35: =(H23+H11)/2 | I35: =(I23+I11)/2 | J35: =(J23+J11)/2 | K35: =SUM(E35:J35) | L35: =(L23+L11)/2 | M35: =(M23+M11)/2 | N35: =(N23+N11)/2 | O35: =(O23+O11)/2 | P35: =(P23+P11)/2 | Q35: =(Q23+Q11)/2 | R35: =SUM(L35:Q35) | S35: =IF(E35=0,"***",L35/E35) | T35: =IF(F35=0,"***",M35/F35) | U35: =IF(G35=0,"***",N35/G35) | V35: =IF(H35=0,"***",O35/H35) | W35: =IF(I35=0,"***",P35/I35) | X35: =IF(J35=0,"***",Q35/J35) | Y35: =IF(K35=0,"***",R35/K35)
C36: 合計 | E36: =SUM(E29:E35) | F36: =SUM(F29:F35) | G36: =SUM(G29:G35) | H36: =SUM(H29:H35) | I36: =SUM(I29:I35) | J36: =SUM(J29:J35) | K36: =SUM(E36:J36) | L36: =SUM(L29:L35) | M36: =SUM(M29:M35) | N36: =SUM(N29:N35) | O36: =SUM(O29:O35) | P36: =SUM(P29:P35) | Q36: =SUM(Q29:Q35) | R36: =SUM(L36:Q36) | S36: =IF(E36=0,"***",L36/E36) | T36: =IF(F36=0,"***",M36/F36) | U36: =IF(G36=0,"***",N36/G36) | V36: =IF(H36=0,"***",O36/H36) | W36: =IF(I36=0,"***",P36/I36) | X36: =IF(J36=0,"***",Q36/J36) | Y36: =IF(K36=0,"***",R36/K36)
C38: 4．計画
E39: 売上 | L39: 粗利益 | S39: 粗利益率
E40: 46113 | F40: 46143 | G40: 46174 | H40: 46204 | I40: 46235 | J40: 46266 | K40: 合計 | L40: 46113 | M40: 46143 | N40: 46174 | O40: 46204 | P40: 46235 | Q40: 46266 | R40: 合計 | S40: 46113 | T40: 46143 | U40: 46174 | V40: 46204 | W40: 46235 | X40: 46266 | Y40: 合計
C41: 0021 集計 | D41: 高橋所長 | E41: =全体!E41-機械!E41 | F41: =全体!F41-機械!F41 | G41: =全体!G41-機械!G41 | H41: =全体!H41-機械!H41 | I41: =全体!I41-機械!I41 | J41: =全体!J41-機械!J41 | K41: =SUM(E41:J41) | L41: =全体!L41-機械!L41 | M41: =全体!M41-機械!M41 | N41: =全体!N41-機械!N41 | O41: =全体!O41-機械!O41 | P41: =全体!P41-機械!P41 | Q41: =全体!Q41-機械!Q41 | R41: =SUM(L41:Q41) | S41: =IF(E41=0,"***",L41/E41) | T41: =IF(F41=0,"***",M41/F41) | U41: =IF(G41=0,"***",N41/G41) | V41: =IF(H41=0,"***",O41/H41) | W41: =IF(I41=0,"***",P41/I41) | X41: =IF(J41=0,"***",Q41/J41) | Y41: =IF(K41=0,"***",R41/K41)
C42: 0024 集計 | D42: 東野 | E42: =全体!E42-機械!E42 | F42: =全体!F42-機械!F42 | G42: =全体!G42-機械!G42 | H42: =全体!H42-機械!H42 | I42: =全体!I42-機械!I42 | J42: =全体!J42-機械!J42 | K42: =SUM(E42:J42) | L42: =全体!L42-機械!L42 | M42: =全体!M42-機械!M42 | N42: =全体!N42-機械!N42 | O42: =全体!O42-機械!O42 | P42: =全体!P42-機械!P42 | Q42: =全体!Q42-機械!Q42 | R42: =SUM(L42:Q42) | S42: =IF(E42=0,"***",L42/E42) | T42: =IF(F42=0,"***",M42/F42) | U42: =IF(G42=0,"***",N42/G42) | V42: =IF(H42=0,"***",O42/H42) | W42: =IF(I42=0,"***",P42/I42) | X42: =IF(J42=0,"***",Q42/J42) | Y42: =IF(K42=0,"***",R42/K42)
C43: 0025 集計 | D43: 橋本課長 | E43: =全体!E43-機械!E43 | F43: =全体!F43-機械!F43 | G43: =全体!G43-機械!G43 | H43: =全体!H43-機械!H43 | I43: =全体!I43-機械!I43 | J43: =全体!J43-機械!J43 | K43: =SUM(E43:J43) | L43: =全体!L43-機械!L43 | M43: =全体!M43-機械!M43 | N43: =全体!N43-機械!N43 | O43: =全体!O43-機械!O43 | P43: =全体!P43-機械!P43 | Q43: =全体!Q43-機械!Q43 | R43: =SUM(L43:Q43) | S43: =IF(E43=0,"***",L43/E43) | T43: =IF(F43=0,"***",M43/F43) | U43: =IF(G43=0,"***",N43/G43) | V43: =IF(H43=0,"***",O43/H43) | W43: =IF(I43=0,"***",P43/I43) | X43: =IF(J43=0,"***",Q43/J43) | Y43: =IF(K43=0,"***",R43/K43)
C44: 0026 集計 | D44: 井上課長 | E44: =全体!E44-機械!E44 | F44: =全体!F44-機械!F44 | G44: =全体!G44-機械!G44 | H44: =全体!H44-機械!H44 | I44: =全体!I44-機械!I44 | J44: =全体!J44-機械!J44 | K44: =SUM(E44:J44) | L44: =全体!L44-機械!L44 | M44: =全体!M44-機械!M44 | N44: =全体!N44-機械!N44 | O44: =全体!O44-機械!O44 | P44: =全体!P44-機械!P44 | Q44: =全体!Q44-機械!Q44 | R44: =SUM(L44:Q44) | S44: =IF(E44=0,"***",L44/E44) | T44: =IF(F44=0,"***",M44/F44) | U44: =IF(G44=0,"***",N44/G44) | V44: =IF(H44=0,"***",O44/H44) | W44: =IF(I44=0,"***",P44/I44) | X44: =IF(J44=0,"***",Q44/J44) | Y44: =IF(K44=0,"***",R44/K44)
C45: 0027 集計 | D45: 中国 | E45: =全体!E45-機械!E45 | F45: =全体!F45-機械!F45 | G45: =全体!G45-機械!G45 | H45: =全体!H45-機械!H45 | I45: =全体!I45-機械!I45 | J45: =全体!J45-機械!J45 | K45: =SUM(E45:J45) | L45: =全体!L45-機械!L45 | M45: =全体!M45-機械!M45 | N45: =全体!N45-機械!N45 | O45: =全体!O45-機械!O45 | P45: =全体!P45-機械!P45 | Q45: =全体!Q45-機械!Q45 | R45: =SUM(L45:Q45) | S45: =IF(E45=0,"***",L45/E45) | T45: =IF(F45=0,"***",M45/F45) | U45: =IF(G45=0,"***",N45/G45) | V45: =IF(H45=0,"***",O45/H45) | W45: =IF(I45=0,"***",P45/I45) | X45: =IF(J45=0,"***",Q45/J45) | Y45: =IF(K45=0,"***",R45/K45)
C46: 0028 集計 | D46: 自治体 | E46: =全体!E46-機械!E46 | F46: =全体!F46-機械!F46 | G46: =全体!G46-機械!G46 | H46: =全体!H46-機械!H46 | I46: =全体!I46-機械!I46 | J46: =全体!J46-機械!J46 | K46: =SUM(E46:J46) | L46: =全体!L46-機械!L46 | M46: =全体!M46-機械!M46 | N46: =全体!N46-機械!N46 | O46: =全体!O46-機械!O46 | P46: =全体!P46-機械!P46 | Q46: =全体!Q46-機械!Q46 | R46: =SUM(L46:Q46) | S46: =IF(E46=0,"***",L46/E46) | T46: =IF(F46=0,"***",M46/F46) | U46: =IF(G46=0,"***",N46/G46) | V46: =IF(H46=0,"***",O46/H46) | W46: =IF(I46=0,"***",P46/I46) | X46: =IF(J46=0,"***",Q46/J46) | Y46: =IF(K46=0,"***",R46/K46)
C47: 0029 集計 | D47: その他 | E47: =全体!E47-機械!E47 | F47: =全体!F47-機械!F47 | G47: =全体!G47-機械!G47 | H47: =全体!H47-機械!H47 | I47: =全体!I47-機械!I47 | J47: =全体!J47-機械!J47 | K47: =SUM(E47:J47) | L47: =全体!L47-機械!L47 | M47: =全体!M47-機械!M47 | N47: =全体!N47-機械!N47 | O47: =全体!O47-機械!O47 | P47: =全体!P47-機械!P47 | Q47: =全体!Q47-機械!Q47 | R47: =SUM(L47:Q47) | S47: =IF(E47=0,"***",L47/E47) | T47: =IF(F47=0,"***",M47/F47) | U47: =IF(G47=0,"***",N47/G47) | V47: =IF(H47=0,"***",O47/H47) | W47: =IF(I47=0,"***",P47/I47) | X47: =IF(J47=0,"***",Q47/J47) | Y47: =IF(K47=0,"***",R47/K47)
C48: 合計 | E48: =SUM(E41:E47) | F48: =SUM(F41:F47) | G48: =SUM(G41:G47) | H48: =SUM(H41:H47) | I48: =SUM(I41:I47) | J48: =SUM(J41:J47) | K48: =SUM(E48:J48) | L48: =SUM(L41:L47) | M48: =SUM(M41:M47) | N48: =SUM(N41:N47) | O48: =SUM(O41:O47) | P48: =SUM(P41:P47) | Q48: =SUM(Q41:Q47) | R48: =SUM(L48:Q48) | S48: =IF(E48=0,"***",L48/E48) | T48: =IF(F48=0,"***",M48/F48) | U48: =IF(G48=0,"***",N48/G48) | V48: =IF(H48=0,"***",O48/H48) | W48: =IF(I48=0,"***",P48/I48) | X48: =IF(J48=0,"***",Q48/J48) | Y48: =IF(K48=0,"***",R48/K48)
C50: ５．前期比
E51: 売上 | L51: 粗利益 | S51: 粗利益率
E52: 46113 | F52: 46143 | G52: 46174 | H52: 46204 | I52: 46235 | J52: 46266 | K52: 合計 | L52: 46113 | M52: 46143 | N52: 46174 | O52: 46204 | P52: 46235 | Q52: 46266 | R52: 合計 | S52: 46113 | T52: 46143 | U52: 46174 | V52: 46204 | W52: 46235 | X52: 46266 | Y52: 合計
C53: 0021 集計 | D53: 高橋所長 | E53: =E41-E17 | F53: =F41-F17 | G53: =G41-G17 | H53: =H41-H17 | I53: =I41-I17 | J53: =J41-J17 | K53: =SUM(E53:J53) | L53: =L41-L17 | M53: =M41-M17 | N53: =N41-N17 | O53: =O41-O17 | P53: =P41-P17 | Q53: =Q41-Q17 | R53: =SUM(L53:Q53) | S53: =S41-S17 | T53: =T41-T17 | U53: =U41-U17 | V53: =V41-V17 | W53: =W41-W17 | X53: =X41-X17 | Y53: =Y41-Y17
C54: 0024 集計 | D54: 東野 | E54: =E42-E18 | F54: =F42-F18 | G54: =G42-G18 | H54: =H42-H18 | I54: =I42-I18 | J54: =J42-J18 | K54: =SUM(E54:J54) | L54: =L42-L18 | M54: =M42-M18 | N54: =N42-N18 | O54: =O42-O18 | P54: =P42-P18 | Q54: =Q42-Q18 | R54: =SUM(L54:Q54) | S54: =S42-S18 | T54: =T42-T18 | U54: =U42-U18 | V54: =V42-V18 | W54: =W42-W18 | X54: =X42-X18 | Y54: =Y42-Y18
C55: 0025 集計 | D55: 橋本課長 | E55: =E43-E19 | F55: =F43-F19 | G55: =G43-G19 | H55: =H43-H19 | I55: =I43-I19 | J55: =J43-J19 | K55: =SUM(E55:J55) | L55: =L43-L19 | M55: =M43-M19 | N55: =N43-N19 | O55: =O43-O19 | P55: =P43-P19 | Q55: =Q43-Q19 | R55: =SUM(L55:Q55) | S55: =S43-S19 | T55: =T43-T19 | U55: =U43-U19 | V55: =V43-V19 | W55: =W43-W19 | X55: =X43-X19 | Y55: =Y43-Y19
C56: 0026 集計 | D56: 井上課長 | E56: =E44-E20 | F56: =F44-F20 | G56: =G44-G20 | H56: =H44-H20 | I56: =I44-I20 | J56: =J44-J20 | K56: =SUM(E56:J56) | L56: =L44-L20 | M56: =M44-M20 | N56: =N44-N20 | O56: =O44-O20 | P56: =P44-P20 | Q56: =Q44-Q20 | R56: =SUM(L56:Q56) | S56: =S44-S20 | T56: =T44-T20 | U56: =U44-U20 | V56: =V44-V20 | W56: =W44-W20 | X56: =X44-X20 | Y56: =Y44-Y20
C57: 0027 集計 | D57: 中国 | E57: =E45-E21 | F57: =F45-F21 | G57: =G45-G21 | H57: =H45-H21 | I57: =I45-I21 | J57: =J45-J21 | K57: =SUM(E57:J57) | L57: =L45-L21 | M57: =M45-M21 | N57: =N45-N21 | O57: =O45-O21 | P57: =P45-P21 | Q57: =Q45-Q21 | R57: =SUM(L57:Q57)
C58: 0028 集計 | D58: 自治体 | E58: =E46-E22 | F58: =F46-F22 | G58: =G46-G22 | H58: =H46-H22 | I58: =I46-I22 | J58: =J46-J22 | K58: =SUM(E58:J58) | L58: =L46-L22 | M58: =M46-M22 | N58: =N46-N22 | O58: =O46-O22 | P58: =P46-P22 | Q58: =Q46-Q22 | R58: =SUM(L58:Q58)
C59: 0029 集計 | D59: その他 | E59: =E47-E23 | F59: =F47-F23 | G59: =G47-G23 | H59: =H47-H23 | I59: =I47-I23 | J59: =J47-J23 | K59: =SUM(E59:J59) | L59: =L47-L23 | M59: =M47-M23 | N59: =N47-N23 | O59: =O47-O23 | P59: =P47-P23 | Q59: =Q47-Q23 | R59: =SUM(L59:Q59)
C60: 合計 | E60: =SUM(E53:E59) | F60: =SUM(F53:F59) | G60: =SUM(G53:G59) | H60: =SUM(H53:H59) | I60: =SUM(I53:I59) | J60: =SUM(J53:J59) | K60: =SUM(E60:J60) | L60: =SUM(L53:L59) | M60: =SUM(M53:M59) | N60: =SUM(N53:N59) | O60: =SUM(O53:O59) | P60: =SUM(P53:P59) | Q60: =SUM(Q53:Q59) | R60: =SUM(L60:Q60) | S60: =S48-S24 | T60: =T48-T24 | U60: =U48-U24 | V60: =V48-V24 | W60: =W48-W24 | X60: =X48-X24 | Y60: =Y48-Y24
C62: 6．過年度平均比
E63: 売上 | L63: 粗利益 | S63: 粗利益率
E64: 46113 | F64: 46143 | G64: 46174 | H64: 46204 | I64: 46235 | J64: 46266 | K64: 合計 | L64: 46113 | M64: 46143 | N64: 46174 | O64: 46204 | P64: 46235 | Q64: 46266 | R64: 合計 | S64: 46113 | T64: 46143 | U64: 46174 | V64: 46204 | W64: 46235 | X64: 46266 | Y64: 合計
C65: 0021 集計 | D65: 高橋所長 | E65: =E41-E29 | F65: =F41-F29 | G65: =G41-G29 | H65: =H41-H29 | I65: =I41-I29 | J65: =J41-J29 | K65: =SUM(E65:J65) | L65: =L41-L29 | M65: =M41-M29 | N65: =N41-N29 | O65: =O41-O29 | P65: =P41-P29 | Q65: =Q41-Q29 | R65: =SUM(L65:Q65) | S65: =S41-S29 | T65: =T41-T29 | U65: =U41-U29 | V65: =V41-V29 | W65: =W41-W29 | X65: =X41-X29 | Y65: =Y41-Y29
C66: 0024 集計 | D66: 東野 | E66: =E42-E30 | F66: =F42-F30 | G66: =G42-G30 | H66: =H42-H30 | I66: =I42-I30 | J66: =J42-J30 | K66: =SUM(E66:J66) | L66: =L42-L30 | M66: =M42-M30 | N66: =N42-N30 | O66: =O42-O30 | P66: =P42-P30 | Q66: =Q42-Q30 | R66: =SUM(L66:Q66) | S66: =S42-S30 | T66: =T42-T30 | U66: =U42-U30 | V66: =V42-V30 | W66: =W42-W30 | X66: =X42-X30 | Y66: =Y42-Y30
C67: 0025 集計 | D67: 橋本課長 | E67: =E43-E31 | F67: =F43-F31 | G67: =G43-G31 | H67: =H43-H31 | I67: =I43-I31 | J67: =J43-J31 | K67: =SUM(E67:J67) | L67: =L43-L31 | M67: =M43-M31 | N67: =N43-N31 | O67: =O43-O31 | P67: =P43-P31 | Q67: =Q43-Q31 | R67: =SUM(L67:Q67) | S67: =S43-S31 | T67: =T43-T31 | U67: =U43-U31 | V67: =V43-V31 | W67: =W43-W31 | X67: =X43-X31 | Y67: =Y43-Y31
C68: 0026 集計 | D68: 井上課長 | E68: =E44-E32 | F68: =F44-F32 | G68: =G44-G32 | H68: =H44-H32 | I68: =I44-I32 | J68: =J44-J32 | K68: =SUM(E68:J68) | L68: =L44-L32 | M68: =M44-M32 | N68: =N44-N32 | O68: =O44-O32 | P68: =P44-P32 | Q68: =Q44-Q32 | R68: =SUM(L68:Q68) | S68: =S44-S32 | T68: =T44-T32 | U68: =U44-U32 | V68: =V44-V32 | W68: =W44-W32 | X68: =X44-X32 | Y68: =Y44-Y32
C69: 0027 集計 | D69: 中国 | E69: =E45-E33 | F69: =F45-F33 | G69: =G45-G33 | H69: =H45-H33 | I69: =I45-I33 | J69: =J45-J33 | K69: =SUM(E69:J69) | L69: =L45-L33 | M69: =M45-M33 | N69: =N45-N33 | O69: =O45-O33 | P69: =P45-P33 | Q69: =Q45-Q33 | R69: =SUM(L69:Q69) | S69: =S45-S33 | T69: =T45-T33 | U69: =U45-U33 | V69: =V45-V33 | W69: =W45-W33 | X69: =X45-X33 | Y69: =Y45-Y33
C70: 0028 集計 | D70: 自治体 | E70: =E46-E34 | F70: =F46-F34 | G70: =G46-G34 | H70: =H46-H34 | I70: =I46-I34 | J70: =J46-J34 | K70: =SUM(E70:J70) | L70: =L46-L34 | M70: =M46-M34 | N70: =N46-N34 | O70: =O46-O34 | P70: =P46-P34 | Q70: =Q46-Q34 | R70: =SUM(L70:Q70)
C71: 0029 集計 | D71: その他 | E71: =E47-E35 | F71: =F47-F35 | G71: =G47-G35 | H71: =H47-H35 | I71: =I47-I35 | J71: =J47-J35 | K71: =SUM(E71:J71) | L71: =L47-L35 | M71: =M47-M35 | N71: =N47-N35 | O71: =O47-O35 | P71: =P47-P35 | Q71: =Q47-Q35 | R71: =SUM(L71:Q71) | S71: =S47-S35 | T71: =T47-T35 | U71: =U47-U35 | V71: =V47-V35 | W71: =W47-W35 | X71: =X47-X35 | Y71: =Y47-Y35
C72: 合計 | E72: =SUM(E65:E71) | F72: =SUM(F65:F71) | G72: =SUM(G65:G71) | H72: =SUM(H65:H71) | I72: =SUM(I65:I71) | J72: =SUM(J65:J71) | K72: =SUM(E72:J72) | L72: =SUM(L65:L71) | M72: =SUM(M65:M71) | N72: =SUM(N65:N71) | O72: =SUM(O65:O71) | P72: =SUM(P65:P71) | Q72: =SUM(Q65:Q71) | R72: =SUM(L72:Q72) | S72: =S48-S36 | T72: =T48-T36 | U72: =U48-U36 | V72: =V48-V36 | W72: =W48-W36 | X72: =X48-X36 | Y72: =Y48-Y36
C74: 7．実績
E75: 売上 | L75: 粗利益 | S75: 粗利益率
E76: 46113 | F76: 46143 | G76: 46174 | H76: 46204 | I76: 46235 | J76: 46266 | K76: 合計 | L76: 46113 | M76: 46143 | N76: 46174 | O76: 46204 | P76: 46235 | Q76: 46266 | R76: 合計 | S76: 46113 | T76: 46143 | U76: 46174 | V76: 46204 | W76: 46235 | X76: 46266 | Y76: 合計
C77: 0021 集計 | D77: 高橋所長 | E77: =全体!E77-機械!E77 | F77: =全体!F77-機械!F77 | G77: =全体!G77-機械!G77 | H77: =全体!H77-機械!H77 | I77: =全体!I77-機械!I77 | J77: =全体!J77-機械!J77 | K77: =SUM(E77:J77) | L77: =全体!L77-機械!L77 | M77: =全体!M77-機械!M77 | N77: =全体!N77-機械!N77 | O77: =全体!O77-機械!O77 | P77: =全体!P77-機械!P77 | Q77: =全体!Q77-機械!Q77 | R77: =SUM(L77:Q77) | S77: =IF(E77=0,"***",L77/E77) | T77: =IF(F77=0,"***",全体!M77/F77) | U77: =IF(G77=0,"***",N77/G77) | V77: =IF(H77=0,"***",O77/H77) | W77: =IF(I77=0,"***",P77/I77) | X77: =IF(J77=0,"***",Q77/J77) | Y77: =IF(K77=0,"***",R77/K77)
C78: 0024 集計 | D78: 東野 | E78: =全体!E78-機械!E78 | F78: =全体!F78-機械!F78 | G78: =全体!G78-機械!G78 | H78: =全体!H78-機械!H78 | I78: =全体!I78-機械!I78 | J78: =全体!J78-機械!J78 | K78: =SUM(E78:J78) | L78: =全体!L78-機械!L78 | M78: =全体!M78-機械!M78 | N78: =全体!N78-機械!N78 | O78: =全体!O78-機械!O78 | P78: =全体!P78-機械!P78 | Q78: =全体!Q78-機械!Q78 | R78: =SUM(L78:Q78) | S78: =IF(E78=0,"***",L78/E78) | T78: =IF(F78=0,"***",全体!M78/F78) | U78: =IF(G78=0,"***",N78/G78) | V78: =IF(H78=0,"***",O78/H78) | W78: =IF(I78=0,"***",P78/I78) | X78: =IF(J78=0,"***",Q78/J78) | Y78: =IF(K78=0,"***",R78/K78)
C79: 0025 集計 | D79: 橋本課長 | E79: =全体!E79-機械!E79 | F79: =全体!F79-機械!F79 | G79: =全体!G79-機械!G79 | H79: =全体!H79-機械!H79 | I79: =全体!I79-機械!I79 | J79: =全体!J79-機械!J79 | K79: =SUM(E79:J79) | L79: =全体!L79-機械!L79 | M79: =全体!M79-機械!M79 | N79: =全体!N79-機械!N79 | O79: =全体!O79-機械!O79 | P79: =全体!P79-機械!P79 | Q79: =全体!Q79-機械!Q79 | R79: =SUM(L79:Q79) | S79: =IF(E79=0,"***",L79/E79) | T79: =IF(F79=0,"***",全体!M79/F79) | U79: =IF(G79=0,"***",N79/G79) | V79: =IF(H79=0,"***",O79/H79) | W79: =IF(I79=0,"***",P79/I79) | X79: =IF(J79=0,"***",Q79/J79) | Y79: =IF(K79=0,"***",R79/K79)
C80: 0026 集計 | D80: 井上課長 | E80: =全体!E80-機械!E80 | F80: =全体!F80-機械!F80 | G80: =全体!G80-機械!G80 | H80: =全体!H80-機械!H80 | I80: =全体!I80-機械!I80 | J80: =全体!J80-機械!J80 | K80: =SUM(E80:J80) | L80: =全体!L80-機械!L80 | M80: =全体!M80-機械!M80 | N80: =全体!N80-機械!N80 | O80: =全体!O80-機械!O80 | P80: =全体!P80-機械!P80 | Q80: =全体!Q80-機械!Q80 | R80: =SUM(L80:Q80) | S80: =IF(E80=0,"***",L80/E80) | T80: =IF(F80=0,"***",全体!M80/F80) | U80: =IF(G80=0,"***",N80/G80) | V80: =IF(H80=0,"***",O80/H80) | W80: =IF(I80=0,"***",P80/I80) | X80: =IF(J80=0,"***",Q80/J80) | Y80: =IF(K80=0,"***",R80/K80)
C81: 0027 集計 | D81: 中国 | E81: =全体!E81-機械!E81 | F81: =全体!F81-機械!F81 | G81: =全体!G81-機械!G81 | H81: =全体!H81-機械!H81 | I81: =全体!I81-機械!I81 | J81: =全体!J81-機械!J81 | K81: =SUM(E81:J81) | L81: =全体!L81-機械!L81 | M81: =全体!M81-機械!M81 | N81: =全体!N81-機械!N81 | O81: =全体!O81-機械!O81 | P81: =全体!P81-機械!P81 | Q81: =全体!Q81-機械!Q81 | R81: =SUM(L81:Q81) | S81: =IF(E81=0,"***",L81/E81) | T81: =IF(F81=0,"***",M81/F81) | U81: =IF(G81=0,"***",N81/G81) | V81: =IF(H81=0,"***",O81/H81) | W81: =IF(I81=0,"***",P81/I81) | X81: =IF(J81=0,"***",Q81/J81) | Y81: =IF(K81=0,"***",R81/K81)
C82: 0028 集計 | D82: 自治体 | E82: =全体!E82-機械!E82 | F82: =全体!F82-機械!F82 | G82: =全体!G82-機械!G82 | H82: =全体!H82-機械!H82 | I82: =全体!I82-機械!I82 | J82: =全体!J82-機械!J82 | K82: =SUM(E82:J82) | L82: =全体!L82-機械!L82 | M82: =全体!M82-機械!M82 | N82: =全体!N82-機械!N82 | O82: =全体!O82-機械!O82 | P82: =全体!P82-機械!P82 | Q82: =全体!Q82-機械!Q82 | R82: =SUM(L82:Q82)
C83: 0029 集計 | D83: その他 | E83: =全体!E83-機械!E83 | F83: =全体!F83-機械!F83 | G83: =全体!G83-機械!G83 | H83: =全体!H83-機械!H83 | I83: =全体!I83-機械!I83 | J83: =全体!J83-機械!J83 | K83: =SUM(E83:J83) | L83: =全体!L83-機械!L83 | M83: =全体!M83-機械!M83 | N83: =全体!N83-機械!N83 | O83: =全体!O83-機械!O83 | P83: =全体!P83-機械!P83 | Q83: =全体!Q83-機械!Q83 | R83: =SUM(L83:Q83) | S83: =IF(E83=0,"***",L83/E83) | T83: =IF(F83=0,"***",M83/F83) | U83: =IF(G83=0,"***",N83/G83) | V83: =IF(H83=0,"***",O83/H83) | W83: =IF(I83=0,"***",P83/I83) | X83: =IF(J83=0,"***",Q83/J83) | Y83: =IF(K83=0,"***",R83/K83)
C84: 合計 | E84: =SUM(E77:E83) | F84: =SUM(F77:F83) | G84: =SUM(G77:G83) | H84: =SUM(H77:H83) | I84: =SUM(I77:I83) | J84: =SUM(J77:J83) | K84: =SUM(E84:J84) | L84: =SUM(L77:L83) | M84: =SUM(M77:M83) | N84: =SUM(N77:N83) | O84: =SUM(O77:O83) | P84: =SUM(P77:P83) | Q84: =SUM(Q77:Q83) | R84: =SUM(L84:Q84) | S84: =IF(E84=0,"***",L84/E84) | T84: =IF(F84=0,"***",M84/F84) | U84: =IF(G84=0,"***",N84/G84) | V84: =IF(H84=0,"***",O84/H84) | W84: =IF(I84=0,"***",P84/I84) | X84: =IF(J84=0,"***",Q84/J84) | Y84: =IF(K84=0,"***",R84/K84)
C86: ８．計画比
E87: 売上 | L87: 粗利益 | S87: 粗利益率
E88: 46113 | F88: 46143 | G88: 46174 | H88: 46204 | I88: 46235 | J88: 46266 | K88: 合計 | L88: 46113 | M88: 46143 | N88: 46174 | O88: 46204 | P88: 46235 | Q88: 46266 | R88: 合計 | S88: 46113 | T88: 46143 | U88: 46174 | V88: 46204 | W88: 46235 | X88: 46266 | Y88: 合計
C89: 0021 集計 | D89: 高橋所長 | E89: =E77-E41 | F89: =F77-F41 | G89: =G77-G41 | H89: =H77-H41 | I89: =I77-I41 | J89: =J77-J41 | K89: =SUM(E89:J89) | L89: =L77-L41 | M89: =M77-M41 | N89: =N77-N41 | O89: =O77-O41 | P89: =P77-P41 | Q89: =Q77-Q41 | R89: =SUM(L89:Q89) | S89: =S77-S41 | T89: =T77-T41 | U89: =U77-U41 | V89: =V77-V41 | W89: =W77-W41 | X89: =X77-X41 | Y89: =Y77-Y41
C90: 0024 集計 | D90: 東野 | E90: =E78-E42 | F90: =F78-F42 | G90: =G78-G42 | H90: =H78-H42 | I90: =I78-I42 | J90: =J78-J42 | K90: =SUM(E90:J90) | L90: =L78-L42 | M90: =M78-M42 | N90: =N78-N42 | O90: =O78-O42 | P90: =P78-P42 | Q90: =Q78-Q42 | R90: =SUM(L90:Q90) | S90: =S78-S42 | T90: =T78-T42 | U90: =U78-U42 | V90: =V78-V42 | W90: =W78-W42 | X90: =X78-X42 | Y90: =Y78-Y42
C91: 0025 集計 | D91: 橋本課長 | E91: =E79-E43 | F91: =F79-F43 | G91: =G79-G43 | H91: =H79-H43 | I91: =I79-I43 | J91: =J79-J43 | K91: =SUM(E91:J91) | L91: =L79-L43 | M91: =M79-M43 | N91: =N79-N43 | O91: =O79-O43 | P91: =P79-P43 | Q91: =Q79-Q43 | R91: =SUM(L91:Q91) | S91: =S79-S43 | T91: =T79-T43 | U91: =U79-U43 | V91: =V79-V43 | W91: =W79-W43 | X91: =X79-X43 | Y91: =Y79-Y43
C92: 0026 集計 | D92: 井上課長 | E92: =E80-E44 | F92: =F80-F44 | G92: =G80-G44 | H92: =H80-H44 | I92: =I80-I44 | J92: =J80-J44 | K92: =SUM(E92:J92) | L92: =L80-L44 | M92: =M80-M44 | N92: =N80-N44 | O92: =O80-O44 | P92: =P80-P44 | Q92: =Q80-Q44 | R92: =SUM(L92:Q92) | S92: =S80-S44 | T92: =T80-T44 | U92: =U80-U44 | V92: =V80-V44 | W92: =W80-W44 | X92: =X80-X44 | Y92: =Y80-Y44
C93: 0027 集計 | D93: 中国 | E93: =E81-E45 | F93: =F81-F45 | G93: =G81-G45 | H93: =H81-H45 | I93: =I81-I45 | J93: =J81-J45 | K93: =SUM(E93:J93) | L93: =L81-L45 | M93: =M81-M45 | N93: =N81-N45 | O93: =O81-O45 | P93: =P81-P45 | Q93: =Q81-Q45 | R93: =SUM(L93:Q93) | S93: =S81-S45 | T93: =T81-T45 | U93: =U81-U45 | V93: =V81-V45 | W93: =W81-W45 | X93: =X81-X45 | Y93: =Y81-Y45
C94: 0028 集計 | D94: 自治体 | E94: =E82-E46 | F94: =F82-F46 | G94: =G82-G46 | H94: =H82-H46 | I94: =I82-I46 | J94: =J82-J46 | K94: =SUM(E94:J94) | L94: =L82-L46 | M94: =M82-M46 | N94: =N82-N46 | O94: =O82-O46 | P94: =P82-P46 | Q94: =Q82-Q46 | R94: =SUM(L94:Q94)
C95: 0029 集計 | D95: その他 | E95: =E83-E47 | F95: =F83-F47 | G95: =G83-G47 | H95: =H83-H47 | I95: =I83-I47 | J95: =J83-J47 | K95: =SUM(E95:J95) | L95: =L83-L47 | M95: =M83-M47 | N95: =N83-N47 | O95: =O83-O47 | P95: =P83-P47 | Q95: =Q83-Q47 | R95: =SUM(L95:Q95) | S95: =S83-S47 | T95: =T83-T47 | U95: =U83-U47 | V95: =V83-V47 | W95: =W83-W47 | X95: =X83-X47 | Y95: =Y83-Y47
C96: 合計 | E96: =SUM(E89:E95) | F96: =SUM(F89:F95) | G96: =SUM(G89:G95) | H96: =SUM(H89:H95) | I96: =SUM(I89:I95) | J96: =SUM(J89:J95) | K96: =SUM(E96:J96) | L96: =SUM(L89:L95) | M96: =SUM(M89:M95) | N96: =SUM(N89:N95) | O96: =SUM(O89:O95) | P96: =SUM(P89:P95) | Q96: =SUM(Q89:Q95) | R96: =SUM(L96:Q96) | S96: =S84-S48 | T96: =T84-T48 | U96: =U84-U48 | V96: =V84-V48 | W96: =W84-W48 | X96: =X84-X48 | Y96: =Y84-Y48
C98: 9．前期比
E99: 売上 | L99: 粗利益 | S99: 粗利益率
E100: 46113 | F100: 46143 | G100: 46174 | H100: 46204 | I100: 46235 | J100: 46266 | K100: 合計 | L100: 46113 | M100: 46143 | N100: 46174 | O100: 46204 | P100: 46235 | Q100: 46266 | R100: 合計 | S100: 46113 | T100: 46143 | U100: 46174 | V100: 46204 | W100: 46235 | X100: 46266 | Y100: 合計
C101: 0021 集計 | D101: 高橋所長 | E101: =E77-E17 | F101: =F77-F17 | G101: =G77-G17 | H101: =H77-H17 | I101: =I77-I17 | J101: =J77-J17 | K101: =SUM(E101:J101) | L101: =L77-L17 | M101: =M77-M17 | N101: =N77-N17 | O101: =O77-O17 | P101: =P77-P17 | Q101: =Q77-Q17 | R101: =SUM(L101:Q101) | S101: =S77-S17 | T101: =T77-T17 | U101: =U77-U17 | V101: =V77-V17 | W101: =W77-W17 | X101: =X77-X17 | Y101: =Y77-Y17
C102: 0024 集計 | D102: 東野 | E102: =E78-E18 | F102: =F78-F18 | G102: =G78-G18 | H102: =H78-H18 | I102: =I78-I18 | J102: =J78-J18 | K102: =SUM(E102:J102) | L102: =L78-L18 | M102: =M78-M18 | N102: =N78-N18 | O102: =O78-O18 | P102: =P78-P18 | Q102: =Q78-Q18 | R102: =SUM(L102:Q102) | S102: =S78-S18 | T102: =T78-T18 | U102: =U78-U18 | V102: =V78-V18 | W102: =W78-W18 | X102: =X78-X18 | Y102: =Y78-Y18
C103: 0025 集計 | D103: 橋本課長 | E103: =E79-E19 | F103: =F79-F19 | G103: =G79-G19 | H103: =H79-H19 | I103: =I79-I19 | J103: =J79-J19 | K103: =SUM(E103:J103) | L103: =L79-L19 | M103: =M79-M19 | N103: =N79-N19 | O103: =O79-O19 | P103: =P79-P19 | Q103: =Q79-Q19 | R103: =SUM(L103:Q103) | S103: =S79-S19 | T103: =T79-T19 | U103: =U79-U19 | V103: =V79-V19 | W103: =W79-W19 | X103: =X79-X19 | Y103: =Y79-Y19
C104: 0026 集計 | D104: 井上課長 | E104: =E80-E20 | F104: =F80-F20 | G104: =G80-G20 | H104: =H80-H20 | I104: =I80-I20 | J104: =J80-J20 | K104: =SUM(E104:J104) | L104: =L80-L20 | M104: =M80-M20 | N104: =N80-N20 | O104: =O80-O20 | P104: =P80-P20 | Q104: =Q80-Q20 | R104: =SUM(L104:Q104) | S104: =S80-S20 | T104: =T80-T20 | U104: =U80-U20 | V104: =V80-V20 | W104: =W80-W20 | X104: =X80-X20 | Y104: =Y80-Y20
C105: 0027 集計 | D105: 中国 | E105: =E81-E21 | F105: =F81-F21 | G105: =G81-G21 | H105: =H81-H21 | I105: =I81-I21 | J105: =J81-J21 | K105: =SUM(E105:J105) | L105: =L81-L21 | M105: =M81-M21 | N105: =N81-N21 | O105: =O81-O21 | P105: =P81-P21 | Q105: =Q81-Q21 | R105: =SUM(L105:Q105) | S105: =S81-S21 | T105: =T81-T21 | U105: =U81-U21 | V105: =V81-V21 | W105: =W81-W21 | X105: =X81-X21 | Y105: =Y81-Y21
C106: 0028 集計 | D106: 自治体 | E106: =E82-E22 | F106: =F82-F22 | G106: =G82-G22 | H106: =H82-H22 | I106: =I82-I22 | J106: =J82-J22 | K106: =SUM(E106:J106) | L106: =L82-L22 | M106: =M82-M22 | N106: =N82-N22 | O106: =O82-O22 | P106: =P82-P22 | Q106: =Q82-Q22 | R106: =SUM(L106:Q106)
C107: 0029 集計 | D107: その他 | E107: =E83-E23 | F107: =F83-F23 | G107: =G83-G23 | H107: =H83-H23 | I107: =I83-I23 | J107: =J83-J23 | K107: =SUM(E107:J107) | L107: =L83-L23 | M107: =M83-M23 | N107: =N83-N23 | O107: =O83-O23 | P107: =P83-P23 | Q107: =Q83-Q23 | R107: =SUM(L107:Q107) | S107: =S83-S23 | T107: =T83-T23 | U107: =U83-U23 | V107: =V83-V23 | W107: =W83-W23 | X107: =X83-X23 | Y107: =Y83-Y23
C108: 合計 | E108: =SUM(E101:E107) | F108: =SUM(F101:F107) | G108: =SUM(G101:G107) | H108: =SUM(H101:H107) | I108: =SUM(I101:I107) | J108: =SUM(J101:J107) | K108: =SUM(E108:J108) | L108: =SUM(L101:L107) | M108: =SUM(M101:M107) | N108: =SUM(N101:N107) | O108: =SUM(O101:O107) | P108: =SUM(P101:P107) | Q108: =SUM(Q101:Q107) | R108: =SUM(L108:Q108) | S108: =S84-S24 | T108: =T84-T24 | U108: =U84-U24 | V108: =V84-V24 | W108: =W84-W24 | X108: =X84-X24 | Y108: =Y84-Y24

Sheet 機械
C1: 下関営業所機械
C2: 1．2024年
E3: 売上 | L3: 粗利益 | S3: 粗利益率
E4: 45383 | F4: 45413 | G4: 45444 | H4: 45474 | I4: 45505 | J4: 45536 | K4: 合計 | L4: 45383 | M4: 45413 | N4: 45444 | O4: 45474 | P4: 45505 | Q4: 45536 | R4: 合計 | S4: 45017 | T4: 45047 | U4: 45078 | V4: 45108 | W4: 45139 | X4: 45170 | Y4: 合計
C5: 0021 集計 | D5: 高橋所長 | E5: 114 | F5: 827 | G5: 107 | H5: 107 | I5: 93 | J5: 44 | K5: =SUM(E5:J5) | L5: 17 | M5: 195 | N5: 15 | O5: 15 | P5: 17 | Q5: 22 | R5: =SUM(L5:Q5) | S5: =IF(E5=0,"***",L5/E5) | T5: =IF(F5=0,"***",M5/F5) | U5: =IF(G5=0,"***",N5/G5) | V5: =IF(H5=0,"***",O5/H5) | W5: =IF(I5=0,"***",P5/I5) | X5: =IF(J5=0,"***",Q5/J5) | Y5: =IF(K5=0,"***",R5/K5)
C6: 0024 集計 | D6: 東野 | E6: 225 | F6: 66 | G6: 68 | H6: 94 | I6: 0 | J6: 60 | K6: =SUM(E6:J6) | L6: 42 | M6: 10 | N6: -56 | O6: 6 | P6: 0 | Q6: 12 | R6: =SUM(L6:Q6) | S6: =IF(E6=0,"***",L6/E6) | T6: =IF(F6=0,"***",M6/F6) | U6: =IF(G6=0,"***",N6/G6) | V6: =IF(H6=0,"***",O6/H6) | W6: =IF(I6=0,"***",P6/I6) | X6: =IF(J6=0,"***",Q6/J6) | Y6: =IF(K6=0,"***",R6/K6)
C7: 0025 集計 | D7: 橋本課長 | E7: 60 | F7: 844 | G7: 0 | H7: 0 | I7: 38 | J7: 4 | K7: =SUM(E7:J7) | L7: 12 | M7: 113 | N7: 0 | O7: 0 | P7: 5 | Q7: 1 | R7: =SUM(L7:Q7) | S7: =IF(E7=0,"***",L7/E7) | T7: =IF(F7=0,"***",M7/F7) | U7: =IF(G7=0,"***",N7/G7) | V7: =IF(H7=0,"***",O7/H7) | W7: =IF(I7=0,"***",P7/I7) | X7: =IF(J7=0,"***",Q7/J7) | Y7: =IF(K7=0,"***",R7/K7)
C8: 0026 集計 | D8: 井上課長 | E8: 66 | F8: 67 | G8: 50 | H8: 241 | I8: 42 | J8: 259 | K8: =SUM(E8:J8) | L8: 10 | M8: 16 | N8: 8 | O8: 51 | P8: 6 | Q8: 38 | R8: =SUM(L8:Q8) | S8: =IF(E8=0,"***",L8/E8) | T8: =IF(F8=0,"***",M8/F8) | U8: =IF(G8=0,"***",N8/G8) | V8: =IF(H8=0,"***",O8/H8) | W8: =IF(I8=0,"***",P8/I8) | X8: =IF(J8=0,"***",Q8/J8) | Y8: =IF(K8=0,"***",R8/K8)
C9: 0027 集計 | D9: 中国 | K9: =SUM(E9:J9) | R9: =SUM(L9:Q9) | S9: =IF(E9=0,"***",L9/E9) | T9: =IF(F9=0,"***",M9/F9) | U9: =IF(G9=0,"***",N9/G9) | V9: =IF(H9=0,"***",O9/H9) | W9: =IF(I9=0,"***",P9/I9) | X9: =IF(J9=0,"***",Q9/J9) | Y9: =IF(K9=0,"***",R9/K9)
C10: 0028 集計 | D10: 自治体
C11: 0029 集計 | D11: その他 | K11: =SUM(E11:J11) | R11: =SUM(L11:Q11) | S11: =IF(E11=0,"***",L11/E11) | T11: =IF(F11=0,"***",M11/F11) | U11: =IF(G11=0,"***",N11/G11) | V11: =IF(H11=0,"***",O11/H11) | W11: =IF(I11=0,"***",P11/I11) | X11: =IF(J11=0,"***",Q11/J11) | Y11: =IF(K11=0,"***",R11/K11)
C12: 合計 | E12: =SUM(E5:E11) | F12: =SUM(F5:F11) | G12: =SUM(G5:G11) | H12: =SUM(H5:H11) | I12: =SUM(I5:I11) | J12: =SUM(J5:J11) | K12: =SUM(E12:J12) | L12: =SUM(L5:L11) | M12: =SUM(M5:M11) | N12: =SUM(N5:N11) | O12: =SUM(O5:O11) | P12: =SUM(P5:P11) | Q12: =SUM(Q5:Q11) | R12: =SUM(L12:Q12) | S12: =IF(E12=0,"***",L12/E12) | T12: =IF(F12=0,"***",M12/F12) | U12: =IF(G12=0,"***",N12/G12) | V12: =IF(H12=0,"***",O12/H12) | W12: =IF(I12=0,"***",P12/I12) | X12: =IF(J12=0,"***",Q12/J12) | Y12: =IF(K12=0,"***",R12/K12)
C14: 2．2025年
E15: 売上 | L15: 粗利益 | S15: 粗利益率
E16: 45748 | F16: 45778 | G16: 45809 | H16: 45839 | I16: 45870 | J16: 45901 | K16: 合計 | L16: 45748 | M16: 45778 | N16: 45809 | O16: 45839 | P16: 45870 | Q16: 45901 | R16: 合計 | S16: 45748 | T16: 45778 | U16: 45809 | V16: 45839 | W16: 45870 | X16: 45901 | Y16: 合計
C17: 0021 集計 | D17: 高橋所長 | E17: 88 | F17: 12 | G17: 12 | H17: 284 | I17: 12 | J17: 0 | K17: =SUM(E17:J17) | L17: 16 | M17: 1 | N17: 1 | O17: 49 | P17: 1 | Q17: 0 | R17: =SUM(L17:Q17) | S17: =IF(E17=0,"***",L17/E17) | T17: =IF(F17=0,"***",M17/F17) | U17: =IF(G17=0,"***",N17/G17) | V17: =IF(H17=0,"***",O17/H17) | W17: =IF(I17=0,"***",P17/I17) | X17: =IF(J17=0,"***",Q17/J17) | Y17: =IF(K17=0,"***",R17/K17)
C18: 0024 集計 | D18: 東野 | E18: 103 | F18: 182 | G18: 53 | H18: 119 | I18: 78 | J18: 36 | K18: =SUM(E18:J18) | L18: 23 | M18: 37 | N18: 7 | O18: 108 | P18: 17 | Q18: 4 | R18: =SUM(L18:Q18) | S18: =IF(E18=0,"***",L18/E18) | T18: =IF(F18=0,"***",M18/F18) | U18: =IF(G18=0,"***",N18/G18) | V18: =IF(H18=0,"***",O18/H18) | W18: =IF(I18=0,"***",P18/I18) | X18: =IF(J18=0,"***",Q18/J18) | Y18: =IF(K18=0,"***",R18/K18)
C19: 0025 集計 | D19: 橋本課長 | E19: 1916 | F19: 18 | G19: 54 | H19: 0 | I19: 0 | J19: 108 | K19: =SUM(E19:J19) | L19: 196 | M19: 3 | N19: 5 | O19: 0 | P19: 0 | Q19: 22 | R19: =SUM(L19:Q19) | S19: =IF(E19=0,"***",L19/E19) | T19: =IF(F19=0,"***",M19/F19) | U19: =IF(G19=0,"***",N19/G19) | V19: =IF(H19=0,"***",O19/H19) | W19: =IF(I19=0,"***",P19/I19) | X19: =IF(J19=0,"***",Q19/J19) | Y19: =IF(K19=0,"***",R19/K19)
C20: 0026 集計 | D20: 井上課長 | E20: 538 | F20: 86 | G20: 147 | H20: 116 | I20: 94 | J20: 311 | K20: =SUM(E20:J20) | L20: 55 | M20: 10 | N20: 27 | O20: 15 | P20: 9 | Q20: 17 | R20: =SUM(L20:Q20) | S20: =IF(E20=0,"***",L20/E20) | T20: =IF(F20=0,"***",M20/F20) | U20: =IF(G20=0,"***",N20/G20) | V20: =IF(H20=0,"***",O20/H20) | W20: =IF(I20=0,"***",P20/I20) | X20: =IF(J20=0,"***",Q20/J20) | Y20: =IF(K20=0,"***",R20/K20)
C21: 0027 集計 | D21: 中国 | K21: =SUM(E21:J21) | R21: =SUM(L21:Q21) | S21: =IF(E21=0,"***",L21/E21) | T21: =IF(F21=0,"***",M21/F21) | U21: =IF(G21=0,"***",N21/G21) | V21: =IF(H21=0,"***",O21/H21) | W21: =IF(I21=0,"***",P21/I21) | X21: =IF(J21=0,"***",Q21/J21) | Y21: =IF(K21=0,"***",R21/K21)
C22: 0028 集計 | D22: 自治体 | K22: =SUM(E22:J22) | R22: =SUM(L22:Q22)
C23: 0029 集計 | D23: その他 | K23: =SUM(E23:J23) | R23: =SUM(L23:Q23) | S23: =IF(E23=0,"***",L23/E23) | T23: =IF(F23=0,"***",M23/F23) | U23: =IF(G23=0,"***",N23/G23) | V23: =IF(H23=0,"***",O23/H23) | W23: =IF(I23=0,"***",P23/I23) | X23: =IF(J23=0,"***",Q23/J23) | Y23: =IF(K23=0,"***",R23/K23)
C24: 合計 | E24: =SUM(E17:E23) | F24: =SUM(F17:F23) | G24: =SUM(G17:G23) | H24: =SUM(H17:H23) | I24: =SUM(I17:I23) | J24: =SUM(J17:J23) | K24: =SUM(E24:J24) | L24: =SUM(L17:L23) | M24: =SUM(M17:M23) | N24: =SUM(N17:N23) | O24: =SUM(O17:O23) | P24: =SUM(P17:P23) | Q24: =SUM(Q17:Q23) | R24: =SUM(L24:Q24) | S24: =IF(E24=0,"***",L24/E24) | T24: =IF(F24=0,"***",M24/F24) | U24: =IF(G24=0,"***",N24/G24) | V24: =IF(H24=0,"***",O24/H24) | W24: =IF(I24=0,"***",P24/I24) | X24: =IF(J24=0,"***",Q24/J24) | Y24: =IF(K24=0,"***",R24/K24)
C26: 3．過年度平均
E27: 売上 | L27: 粗利益 | S27: 粗利益率
E28: 45748 | F28: 45778 | G28: 45809 | H28: 45839 | I28: 45870 | J28: 45901 | K28: 合計 | L28: 45748 | M28: 45778 | N28: 45809 | O28: 45839 | P28: 45870 | Q28: 45901 | R28: 合計 | S28: 45748 | T28: 45778 | U28: 45809 | V28: 45839 | W28: 45870 | X28: 45901 | Y28: 合計
C29: 0021 集計 | D29: 高橋所長 | E29: =(E17+E5)/2 | F29: =(F17+F5)/2 | G29: =(G17+G5)/2 | H29: =(H17+H5)/2 | I29: =(I17+I5)/2 | J29: =(J17+J5)/2 | K29: =SUM(E29:J29) | L29: =(L17+L5)/2 | M29: =(M17+M5)/2 | N29: =(N17+N5)/2 | O29: =(O17+O5)/2 | P29: =(P17+P5)/2 | Q29: =(Q17+Q5)/2 | R29: =SUM(L29:Q29) | S29: =IF(E29=0,"***",L29/E29) | T29: =IF(F29=0,"***",M29/F29) | U29: =IF(G29=0,"***",N29/G29) | V29: =IF(H29=0,"***",O29/H29) | W29: =IF(I29=0,"***",P29/I29) | X29: =IF(J29=0,"***",Q29/J29) | Y29: =IF(K29=0,"***",R29/K29)
C30: 0024 集計 | D30: 東野 | E30: =(E18+E6)/2 | F30: =(F18+F6)/2 | G30: =(G18+G6)/2 | H30: =(H18+H6)/2 | I30: =(I18+I6)/2 | J30: =(J18+J6)/2 | K30: =SUM(E30:J30) | L30: =(L18+L6)/2 | M30: =(M18+M6)/2 | N30: =(N18+N6)/2 | O30: =(O18+O6)/2 | P30: =(P18+P6)/2 | Q30: =(Q18+Q6)/2 | R30: =SUM(L30:Q30) | S30: =IF(E30=0,"***",L30/E30) | T30: =IF(F30=0,"***",M30/F30) | U30: =IF(G30=0,"***",N30/G30) | V30: =IF(H30=0,"***",O30/H30) | W30: =IF(I30=0,"***",P30/I30) | X30: =IF(J30=0,"***",Q30/J30) | Y30: =IF(K30=0,"***",R30/K30)
C31: 0025 集計 | D31: 橋本課長 | E31: =(E19+E7)/2 | F31: =(F19+F7)/2 | G31: =(G19+G7)/2 | H31: =(H19+H7)/2 | I31: =(I19+I7)/2 | J31: =(J19+J7)/2 | K31: =SUM(E31:J31) | L31: =(L19+L7)/2 | M31: =(M19+M7)/2 | N31: =(N19+N7)/2 | O31: =(O19+O7)/2 | P31: =(P19+P7)/2 | Q31: =(Q19+Q7)/2 | R31: =SUM(L31:Q31) | S31: =IF(E31=0,"***",L31/E31) | T31: =IF(F31=0,"***",M31/F31) | U31: =IF(G31=0,"***",N31/G31) | V31: =IF(H31=0,"***",O31/H31) | W31: =IF(I31=0,"***",P31/I31) | X31: =IF(J31=0,"***",Q31/J31) | Y31: =IF(K31=0,"***",R31/K31)
C32: 0026 集計 | D32: 井上課長 | E32: =(E20+E8)/2 | F32: =(F20+F8)/2 | G32: =(G20+G8)/2 | H32: =(H20+H8)/2 | I32: =(I20+I8)/2 | J32: =(J20+J8)/2 | K32: =SUM(E32:J32) | L32: =(L20+L8)/2 | M32: =(M20+M8)/2 | N32: =(N20+N8)/2 | O32: =(O20+O8)/2 | P32: =(P20+P8)/2 | Q32: =(Q20+Q8)/2 | R32: =SUM(L32:Q32) | S32: =IF(E32=0,"***",L32/E32) | T32: =IF(F32=0,"***",M32/F32) | U32: =IF(G32=0,"***",N32/G32) | V32: =IF(H32=0,"***",O32/H32) | W32: =IF(I32=0,"***",P32/I32) | X32: =IF(J32=0,"***",Q32/J32) | Y32: =IF(K32=0,"***",R32/K32)
C33: 0027 集計 | D33: 中国 | E33: =(E21+E9)/2 | F33: =(F21+F9)/2 | G33: =(G21+G9)/2 | H33: =(H21+H9)/2 | I33: =(I21+I9)/2 | J33: =(J21+J9)/2 | K33: =SUM(E33:J33) | L33: =(L21+L9)/2 | M33: =(M21+M9)/2 | N33: =(N21+N9)/2 | O33: =(O21+O9)/2 | P33: =(P21+P9)/2 | Q33: =(Q21+Q9)/2 | R33: =SUM(L33:Q33) | S33: =IF(E33=0,"***",L33/E33) | T33: =IF(F33=0,"***",M33/F33) | U33: =IF(G33=0,"***",N33/G33) | V33: =IF(H33=0,"***",O33/H33) | W33: =IF(I33=0,"***",P33/I33) | X33: =IF(J33=0,"***",Q33/J33) | Y33: =IF(K33=0,"***",R33/K33)
C34: 0028 集計 | D34: 自治体
C35: 0029 集計 | D35: その他 | E35: =(E23+E11)/2 | F35: =(F23+F11)/2 | G35: =(G23+G11)/2 | H35: =(H23+H11)/2 | I35: =(I23+I11)/2 | J35: =(J23+J11)/2 | K35: =SUM(E35:J35) | L35: =(L23+L11)/2 | M35: =(M23+M11)/2 | N35: =(N23+N11)/2 | O35: =(O23+O11)/2 | P35: =(P23+P11)/2 | Q35: =(Q23+Q11)/2 | R35: =SUM(L35:Q35) | S35: =IF(E35=0,"***",L35/E35) | T35: =IF(F35=0,"***",M35/F35) | U35: =IF(G35=0,"***",N35/G35) | V35: =IF(H35=0,"***",O35/H35) | W35: =IF(I35=0,"***",P35/I35) | X35: =IF(J35=0,"***",Q35/J35) | Y35: =IF(K35=0,"***",R35/K35)
C36: 合計 | E36: =SUM(E29:E35) | F36: =SUM(F29:F35) | G36: =SUM(G29:G35) | H36: =SUM(H29:H35) | I36: =SUM(I29:I35) | J36: =SUM(J29:J35) | K36: =SUM(E36:J36) | L36: =SUM(L29:L35) | M36: =SUM(M29:M35) | N36: =SUM(N29:N35) | O36: =SUM(O29:O35) | P36: =SUM(P29:P35) | Q36: =SUM(Q29:Q35) | R36: =SUM(L36:Q36) | S36: =IF(E36=0,"***",L36/E36) | T36: =IF(F36=0,"***",M36/F36) | U36: =IF(G36=0,"***",N36/G36) | V36: =IF(H36=0,"***",O36/H36) | W36: =IF(I36=0,"***",P36/I36) | X36: =IF(J36=0,"***",Q36/J36) | Y36: =IF(K36=0,"***",R36/K36)
C38: 4．計画
E39: 売上 | L39: 粗利益 | S39: 粗利益率
E40: 46113 | F40: 46143 | G40: 46174 | H40: 46204 | I40: 46235 | J40: 46266 | K40: 合計 | L40: 46113 | M40: 46143 | N40: 46174 | O40: 46204 | P40: 46235 | Q40: 46266 | R40: 合計 | S40: 46113 | T40: 46143 | U40: 46174 | V40: 46204 | W40: 46235 | X40: 46266 | Y40: 合計
C41: 0021 集計 | D41: 高橋所長 | E41: 150 | F41: 150 | G41: 150 | H41: 150 | I41: 150 | J41: 150 | K41: =SUM(E41:J41) | L41: 25 | M41: 25 | N41: 25 | O41: 25 | P41: 25 | Q41: 25 | R41: =SUM(L41:Q41) | S41: =IF(E41=0,"***",L41/E41) | T41: =IF(F41=0,"***",M41/F41) | U41: =IF(G41=0,"***",N41/G41) | V41: =IF(H41=0,"***",O41/H41) | W41: =IF(I41=0,"***",P41/I41) | X41: =IF(J41=0,"***",Q41/J41) | Y41: =IF(K41=0,"***",R41/K41)
C42: 0024 集計 | D42: 東野 | E42: 3240 | K42: =SUM(E42:J42) | L42: 430 | R42: =SUM(L42:Q42) | S42: =IF(E42=0,"***",L42/E42) | T42: =IF(F42=0,"***",M42/F42) | U42: =IF(G42=0,"***",N42/G42) | V42: =IF(H42=0,"***",O42/H42) | W42: =IF(I42=0,"***",P42/I42) | X42: =IF(J42=0,"***",Q42/J42) | Y42: =IF(K42=0,"***",R42/K42)
C43: 0025 集計 | D43: 橋本課長 | E43: 150 | F43: 150 | G43: 150 | H43: 150 | I43: 150 | J43: 150 | K43: =SUM(E43:J43) | L43: 25 | M43: 25 | N43: 25 | O43: 25 | P43: 25 | Q43: 25 | R43: =SUM(L43:Q43) | S43: =IF(E43=0,"***",L43/E43) | T43: =IF(F43=0,"***",M43/F43) | U43: =IF(G43=0,"***",N43/G43) | V43: =IF(H43=0,"***",O43/H43) | W43: =IF(I43=0,"***",P43/I43) | X43: =IF(J43=0,"***",Q43/J43) | Y43: =IF(K43=0,"***",R43/K43)
C44: 0026 集計 | D44: 井上課長 | E44: 200 | F44: 200 | J44: 10000 | K44: =SUM(E44:J44) | L44: 40 | M44: 40 | Q44: 1430 | R44: =SUM(L44:Q44) | S44: =IF(E44=0,"***",L44/E44) | T44: =IF(F44=0,"***",M44/F44) | U44: =IF(G44=0,"***",N44/G44) | V44: =IF(H44=0,"***",O44/H44) | W44: =IF(I44=0,"***",P44/I44) | X44: =IF(J44=0,"***",Q44/J44) | Y44: =IF(K44=0,"***",R44/K44)
C45: 0027 集計 | D45: 中国 | K45: =SUM(E45:J45) | R45: =SUM(L45:Q45) | S45: =IF(E45=0,"***",L45/E45) | T45: =IF(F45=0,"***",M45/F45) | U45: =IF(G45=0,"***",N45/G45) | V45: =IF(H45=0,"***",O45/H45) | W45: =IF(I45=0,"***",P45/I45) | X45: =IF(J45=0,"***",Q45/J45) | Y45: =IF(K45=0,"***",R45/K45)
C46: 0028 集計 | D46: 自治体 | G46: 100 | J46: 100 | K46: =SUM(E46:J46) | N46: 10 | Q46: 10 | R46: =SUM(L46:Q46) | S46: =IF(E46=0,"***",L46/E46) | T46: =IF(F46=0,"***",M46/F46) | U46: =IF(G46=0,"***",N46/G46) | V46: =IF(H46=0,"***",O46/H46) | W46: =IF(I46=0,"***",P46/I46) | X46: =IF(J46=0,"***",Q46/J46) | Y46: =IF(K46=0,"***",R46/K46)
C47: 0029 集計 | D47: その他 | K47: =SUM(E47:J47) | R47: =SUM(L47:Q47) | S47: =IF(E47=0,"***",L47/E47) | T47: =IF(F47=0,"***",M47/F47) | U47: =IF(G47=0,"***",N47/G47) | V47: =IF(H47=0,"***",O47/H47) | W47: =IF(I47=0,"***",P47/I47) | X47: =IF(J47=0,"***",Q47/J47) | Y47: =IF(K47=0,"***",R47/K47)
C48: 合計 | E48: =SUM(E41:E47) | F48: =SUM(F41:F47) | G48: =SUM(G41:G47) | H48: =SUM(H41:H47) | I48: =SUM(I41:I47) | J48: =SUM(J41:J47) | K48: =SUM(E48:J48) | L48: =SUM(L41:L47) | M48: =SUM(M41:M47) | N48: =SUM(N41:N47) | O48: =SUM(O41:O47) | P48: =SUM(P41:P47) | Q48: =SUM(Q41:Q47) | R48: =SUM(L48:Q48) | S48: =IF(E48=0,"***",L48/E48) | T48: =IF(F48=0,"***",M48/F48) | U48: =IF(G48=0,"***",N48/G48) | V48: =IF(H48=0,"***",O48/H48) | W48: =IF(I48=0,"***",P48/I48) | X48: =IF(J48=0,"***",Q48/J48) | Y48: =IF(K48=0,"***",R48/K48)
C50: ５．前期比
E51: 売上 | L51: 粗利益 | S51: 粗利益率
E52: 46113 | F52: 46143 | G52: 46174 | H52: 46204 | I52: 46235 | J52: 46266 | K52: 合計 | L52: 46113 | M52: 46143 | N52: 46174 | O52: 46204 | P52: 46235 | Q52: 46266 | R52: 合計 | S52: 46113 | T52: 46143 | U52: 46174 | V52: 46204 | W52: 46235 | X52: 46266 | Y52: 合計
C53: 0021 集計 | D53: 高橋所長 | E53: =E41-E17 | F53: =F41-F17 | G53: =G41-G17 | H53: =H41-H17 | I53: =I41-I17 | J53: =J41-J17 | K53: =SUM(E53:J53) | L53: =L41-L17 | M53: =M41-M17 | N53: =N41-N17 | O53: =O41-O17 | P53: =P41-P17 | Q53: =Q41-Q17 | R53: =SUM(L53:Q53) | S53: =S41-S17 | T53: =T41-T17 | U53: =U41-U17 | V53: =V41-V17 | W53: =W41-W17 | X53: =X41-X17 | Y53: =Y41-Y17
C54: 0024 集計 | D54: 東野 | E54: =E42-E18 | F54: =F42-F18 | G54: =G42-G18 | H54: =H42-H18 | I54: =I42-I18 | J54: =J42-J18 | K54: =SUM(E54:J54) | L54: =L42-L18 | M54: =M42-M18 | N54: =N42-N18 | O54: =O42-O18 | P54: =P42-P18 | Q54: =Q42-Q18 | R54: =SUM(L54:Q54) | S54: =S42-S18 | T54: =T42-T18 | U54: =U42-U18 | V54: =V42-V18 | W54: =W42-W18 | X54: =X42-X18 | Y54: =Y42-Y18
C55: 0025 集計 | D55: 橋本課長 | E55: =E43-E19 | F55: =F43-F19 | G55: =G43-G19 | H55: =H43-H19 | I55: =I43-I19 | J55: =J43-J19 | K55: =SUM(E55:J55) | L55: =L43-L19 | M55: =M43-M19 | N55: =N43-N19 | O55: =O43-O19 | P55: =P43-P19 | Q55: =Q43-Q19 | R55: =SUM(L55:Q55) | S55: =S43-S19 | T55: =T43-T19 | U55: =U43-U19 | V55: =V43-V19 | W55: =W43-W19 | X55: =X43-X19 | Y55: =Y43-Y19
C56: 0026 集計 | D56: 井上課長 | E56: =E44-E20 | F56: =F44-F20 | G56: =G44-G20 | H56: =H44-H20 | I56: =I44-I20 | J56: =J44-J20 | K56: =SUM(E56:J56) | L56: =L44-L20 | M56: =M44-M20 | N56: =N44-N20 | O56: =O44-O20 | P56: =P44-P20 | Q56: =Q44-Q20 | R56: =SUM(L56:Q56) | S56: =S44-S20 | T56: =T44-T20 | U56: =U44-U20 | V56: =V44-V20 | W56: =W44-W20 | X56: =X44-X20 | Y56: =Y44-Y20
C57: 0027 集計 | D57: 中国 | E57: =E45-E21 | F57: =F45-F21 | G57: =G45-G21 | H57: =H45-H21 | I57: =I45-I21 | J57: =J45-J21 | K57: =SUM(E57:J57) | L57: =L45-L21 | M57: =M45-M21 | N57: =N45-N21 | O57: =O45-O21 | P57: =P45-P21 | Q57: =Q45-Q21 | R57: =SUM(L57:Q57) | S57: =S45-S21 | T57: =T45-T21 | U57: =U45-U21 | V57: =V45-V21 | W57: =W45-W21 | X57: =X45-X21 | Y57: =Y45-Y21
C58: 0028 集計 | D58: 自治体
C59: 0029 集計 | D59: その他 | E59: =E47-E23 | F59: =F47-F23 | G59: =G47-G23 | H59: =H47-H23 | I59: =I47-I23 | J59: =J47-J23 | K59: =SUM(E59:J59) | L59: =L47-L23 | M59: =M47-M23 | N59: =N47-N23 | O59: =O47-O23 | P59: =P47-P23 | Q59: =Q47-Q23 | R59: =SUM(L59:Q59) | S59: =S47-S23 | T59: =T47-T23 | U59: =U47-U23 | V59: =V47-V23 | W59: =W47-W23 | X59: =X47-X23 | Y59: =Y47-Y23
C60: 合計 | E60: =SUM(E53:E59) | F60: =SUM(F53:F59) | G60: =SUM(G53:G59) | H60: =SUM(H53:H59) | I60: =SUM(I53:I59) | J60: =SUM(J53:J59) | K60: =SUM(E60:J60) | L60: =SUM(L53:L59) | M60: =SUM(M53:M59) | N60: =SUM(N53:N59) | O60: =SUM(O53:O59) | P60: =SUM(P53:P59) | Q60: =SUM(Q53:Q59) | R60: =SUM(L60:Q60) | S60: =S48-S24 | T60: =T48-T24 | U60: =U48-U24 | V60: =V48-V24 | W60: =W48-W24 | X60: =X48-X24 | Y60: =Y48-Y24
C62: 6．過年度平均比
E63: 売上 | L63: 粗利益 | S63: 粗利益率
E64: 46113 | F64: 46143 | G64: 46174 | H64: 46204 | I64: 46235 | J64: 46266 | K64: 合計 | L64: 46113 | M64: 46143 | N64: 46174 | O64: 46204 | P64: 46235 | Q64: 46266 | R64: 合計 | S64: 46113 | T64: 46143 | U64: 46174 | V64: 46204 | W64: 46235 | X64: 46266 | Y64: 合計
C65: 0021 集計 | D65: 高橋所長 | E65: =E41-E29 | F65: =F41-F29 | G65: =G41-G29 | H65: =H41-H29 | I65: =I41-I29 | J65: =J41-J29 | K65: =SUM(E65:J65) | L65: =L41-L29 | M65: =M41-M29 | N65: =N41-N29 | O65: =O41-O29 | P65: =P41-P29 | Q65: =Q41-Q29 | R65: =SUM(L65:Q65) | S65: =S41-S29 | T65: =T41-T29 | U65: =U41-U29 | V65: =V41-V29 | W65: =W41-W29 | X65: =X41-X29 | Y65: =Y41-Y29
C66: 0024 集計 | D66: 東野 | E66: =E42-E30 | F66: =F42-F30 | G66: =G42-G30 | H66: =H42-H30 | I66: =I42-I30 | J66: =J42-J30 | K66: =SUM(E66:J66) | L66: =L42-L30 | M66: =M42-M30 | N66: =N42-N30 | O66: =O42-O30 | P66: =P42-P30 | Q66: =Q42-Q30 | R66: =SUM(L66:Q66) | S66: =S42-S30 | T66: =T42-T30 | U66: =U42-U30 | V66: =V42-V30 | W66: =W42-W30 | X66: =X42-X30 | Y66: =Y42-Y30
C67: 0025 集計 | D67: 橋本課長 | E67: =E43-E31 | F67: =F43-F31 | G67: =G43-G31 | H67: =H43-H31 | I67: =I43-I31 | J67: =J43-J31 | K67: =SUM(E67:J67) | L67: =L43-L31 | M67: =M43-M31 | N67: =N43-N31 | O67: =O43-O31 | P67: =P43-P31 | Q67: =Q43-Q31 | R67: =SUM(L67:Q67) | S67: =S43-S31 | T67: =T43-T31 | U67: =U43-U31 | V67: =V43-V31 | W67: =W43-W31 | X67: =X43-X31 | Y67: =Y43-Y31
C68: 0026 集計 | D68: 井上課長 | E68: =E44-E32 | F68: =F44-F32 | G68: =G44-G32 | H68: =H44-H32 | I68: =I44-I32 | J68: =J44-J32 | K68: =SUM(E68:J68) | L68: =L44-L32 | M68: =M44-M32 | N68: =N44-N32 | O68: =O44-O32 | P68: =P44-P32 | Q68: =Q44-Q32 | R68: =SUM(L68:Q68) | S68: =S44-S32 | T68: =T44-T32 | U68: =U44-U32 | V68: =V44-V32 | W68: =W44-W32 | X68: =X44-X32 | Y68: =Y44-Y32
C69: 0027 集計 | D69: 中国 | E69: =E45-E33 | F69: =F45-F33 | G69: =G45-G33 | H69: =H45-H33 | I69: =I45-I33 | J69: =J45-J33 | K69: =SUM(E69:J69) | L69: =L45-L33 | M69: =M45-M33 | N69: =N45-N33 | O69: =O45-O33 | P69: =P45-P33 | Q69: =Q45-Q33 | R69: =SUM(L69:Q69) | S69: =S45-S33 | T69: =T45-T33 | U69: =U45-U33 | V69: =V45-V33 | W69: =W45-W33 | X69: =X45-X33 | Y69: =Y45-Y33
C70: 0028 集計 | D70: 自治体
C71: 0029 集計 | D71: その他 | E71: =E47-E35 | F71: =F47-F35 | G71: =G47-G35 | H71: =H47-H35 | I71: =I47-I35 | J71: =J47-J35 | K71: =SUM(E71:J71) | L71: =L47-L35 | M71: =M47-M35 | N71: =N47-N35 | O71: =O47-O35 | P71: =P47-P35 | Q71: =Q47-Q35 | R71: =SUM(L71:Q71) | S71: =S47-S35 | T71: =T47-T35 | U71: =U47-U35 | V71: =V47-V35 | W71: =W47-W35 | X71: =X47-X35 | Y71: =Y47-Y35
C72: 合計 | E72: =SUM(E65:E71) | F72: =SUM(F65:F71) | G72: =SUM(G65:G71) | H72: =SUM(H65:H71) | I72: =SUM(I65:I71) | J72: =SUM(J65:J71) | K72: =SUM(E72:J72) | L72: =SUM(L65:L71) | M72: =SUM(M65:M71) | N72: =SUM(N65:N71) | O72: =SUM(O65:O71) | P72: =SUM(P65:P71) | Q72: =SUM(Q65:Q71) | R72: =SUM(L72:Q72) | S72: =S48-S36 | T72: =T48-T36 | U72: =U48-U36 | V72: =V48-V36 | W72: =W48-W36 | X72: =X48-X36 | Y72: =Y48-Y36
C74: 7．実績
E75: 売上 | L75: 粗利益 | S75: 粗利益率
E76: 46113 | F76: 46143 | G76: 46174 | H76: 46204 | I76: 46235 | J76: 46266 | K76: 合計 | L76: 46113 | M76: 46143 | N76: 46174 | O76: 46204 | P76: 46235 | Q76: 46266 | R76: 合計 | S76: 46113 | T76: 46143 | U76: 46174 | V76: 46204 | W76: 46235 | X76: 46266 | Y76: 合計
C77: 0021 集計 | D77: 高橋所長 | E77: 87.5 | F77: 27 | G77: 68.3 | H77: 93.3 | I77: 39.5 | J77: 53.547 | K77: =SUM(E77:J77) | L77: 13 | M77: 4.05 | N77: 11.37 | O77: 17.735 | P77: 8.25 | Q77: 11.197 | R77: =SUM(L77:Q77) | S77: =IF(E77=0,"***",L77/E77) | T77: =IF(F77=0,"***",M77/F77) | U77: =IF(G77=0,"***",N77/G77) | V77: =IF(H77=0,"***",O77/H77) | W77: =IF(I77=0,"***",P77/I77) | X77: =IF(J77=0,"***",Q77/J77) | Y77: =IF(K77=0,"***",R77/K77)
C78: 0024 集計 | D78: 東野 | E78: 29.8 | F78: 3381.3 | G78: 49.6 | H78: 583.32 | I78: 313 | J78: 106.2 | K78: =SUM(E78:J78) | L78: 1.49 | M78: 444.769 | N78: 7.94 | O78: 64.078 | P78: 61.68 | Q78: 13.29 | R78: =SUM(L78:Q78) | S78: =IF(E78=0,"***",L78/E78) | T78: =IF(F78=0,"***",M78/F78) | U78: =IF(G78=0,"***",N78/G78) | V78: =IF(H78=0,"***",O78/H78) | W78: =IF(I78=0,"***",P78/I78) | X78: =IF(J78=0,"***",Q78/J78) | Y78: =IF(K78=0,"***",R78/K78)
C79: 0025 集計 | D79: 橋本課長 | F79: 81 | H79: 54 | I79: 0 | J79: 148.7 | K79: =SUM(E79:J79) | M79: 12.96 | O79: 5 | P79: 0 | Q79: 18.43 | R79: =SUM(L79:Q79) | S79: =IF(E79=0,"***",L79/E79) | T79: =IF(F79=0,"***",M79/F79) | U79: =IF(G79=0,"***",N79/G79) | V79: =IF(H79=0,"***",O79/H79) | W79: =IF(I79=0,"***",P79/I79) | X79: =IF(J79=0,"***",Q79/J79) | Y79: =IF(K79=0,"***",R79/K79)
C80: 0026 集計 | D80: 井上課長 | E80: 568.65 | F80: 195.37 | G80: 52.05 | H80: 450.75 | I80: 249.91 | J80: 669.73 | K80: =SUM(E80:J80) | L80: 90 | M80: 15.69 | N80: 9.51 | O80: 84.63 | P80: 40.47 | Q80: 120.8 | R80: =SUM(L80:Q80) | S80: =IF(E80=0,"***",L80/E80) | T80: =IF(F80=0,"***",M80/F80) | U80: =IF(G80=0,"***",N80/G80) | V80: =IF(H80=0,"***",O80/H80) | W80: =IF(I80=0,"***",P80/I80) | X80: =IF(J80=0,"***",Q80/J80) | Y80: =IF(K80=0,"***",R80/K80)
C81: 0027 集計 | D81: 中国 | I81: 0 | J81: 0 | K81: =SUM(E81:J81) | P81: 0 | Q81: 0 | R81: =SUM(L81:Q81) | S81: =IF(E81=0,"***",L81/E81) | T81: =IF(F81=0,"***",M81/F81) | U81: =IF(G81=0,"***",N81/G81) | V81: =IF(H81=0,"***",O81/H81) | W81: =IF(I81=0,"***",P81/I81) | X81: =IF(J81=0,"***",Q81/J81) | Y81: =IF(K81=0,"***",R81/K81)
C82: 0028 集計 | D82: 自治体 | I82: 0 | J82: 0 | K82: =SUM(E82:J82) | P82: 0 | Q82: 0 | R82: =SUM(L82:Q82)
C83: 0029 集計 | D83: その他 | I83: 0 | J83: 0 | K83: =SUM(E83:J83) | P83: 0 | Q83: 0 | R83: =SUM(L83:Q83) | S83: =IF(E83=0,"***",L83/E83) | T83: =IF(F83=0,"***",M83/F83) | U83: =IF(G83=0,"***",N83/G83) | V83: =IF(H83=0,"***",O83/H83) | W83: =IF(I83=0,"***",P83/I83) | X83: =IF(J83=0,"***",Q83/J83) | Y83: =IF(K83=0,"***",R83/K83)
C84: 合計 | E84: =SUM(E77:E83) | F84: =SUM(F77:F83) | G84: =SUM(G77:G83) | H84: =SUM(H77:H83) | I84: =SUM(I77:I83) | J84: =SUM(J77:J83) | K84: =SUM(E84:J84) | L84: =SUM(L77:L83) | M84: =SUM(M77:M83) | N84: =SUM(N77:N83) | O84: =SUM(O77:O83) | P84: =SUM(P77:P83) | Q84: =SUM(Q77:Q83) | R84: =SUM(L84:Q84) | S84: =IF(E84=0,"***",L84/E84) | T84: =IF(F84=0,"***",M84/F84) | U84: =IF(G84=0,"***",N84/G84) | V84: =IF(H84=0,"***",O84/H84) | W84: =IF(I84=0,"***",P84/I84) | X84: =IF(J84=0,"***",Q84/J84) | Y84: =IF(K84=0,"***",R84/K84)
C86: ８．計画比
E87: 売上 | L87: 粗利益 | S87: 粗利益率
E88: 46113 | F88: 46143 | G88: 46174 | H88: 46204 | I88: 46235 | J88: 46266 | K88: 合計 | L88: 46113 | M88: 46143 | N88: 46174 | O88: 46204 | P88: 46235 | Q88: 46266 | R88: 合計 | S88: 46113 | T88: 46143 | U88: 46174 | V88: 46204 | W88: 46235 | X88: 46266 | Y88: 合計
C89: 0021 集計 | D89: 高橋所長 | E89: =E77-E41 | F89: =F77-F41 | G89: =G77-G41 | H89: =H77-H41 | I89: =I77-I41 | J89: =J77-J41 | K89: =SUM(E89:J89) | L89: =L77-L41 | M89: =M77-M41 | N89: =N77-N41 | O89: =O77-O41 | P89: =P77-P41 | Q89: =Q77-Q41 | R89: =SUM(L89:Q89) | S89: =S77-S41 | T89: =T77-T41 | U89: =U77-U41 | V89: =V77-V41 | W89: =W77-W41 | X89: =X77-X41 | Y89: =Y77-Y41
C90: 0024 集計 | D90: 東野 | E90: =E78-E42 | F90: =F78-F42 | G90: =G78-G42 | H90: =H78-H42 | I90: =I78-I42 | J90: =J78-J42 | K90: =SUM(E90:J90) | L90: =L78-L42 | M90: =M78-M42 | N90: =N78-N42 | O90: =O78-O42 | P90: =P78-P42 | Q90: =Q78-Q42 | R90: =SUM(L90:Q90) | S90: =S78-S42 | T90: =T78-T42 | U90: =U78-U42 | V90: =V78-V42 | W90: =W78-W42 | X90: =X78-X42 | Y90: =Y78-Y42
C91: 0025 集計 | D91: 橋本課長 | E91: =E79-E43 | F91: =F79-F43 | G91: =G79-G43 | H91: =H79-H43 | I91: =I79-I43 | J91: =J79-J43 | K91: =SUM(E91:J91) | L91: =L79-L43 | M91: =M79-M43 | N91: =N79-N43 | O91: =O79-O43 | P91: =P79-P43 | Q91: =Q79-Q43 | R91: =SUM(L91:Q91) | S91: =S79-S43 | T91: =T79-T43 | U91: =U79-U43 | V91: =V79-V43 | W91: =W79-W43 | X91: =X79-X43 | Y91: =Y79-Y43
C92: 0026 集計 | D92: 井上課長 | E92: =E80-E44 | F92: =F80-F44 | G92: =G80-G44 | H92: =H80-H44 | I92: =I80-I44 | J92: =J80-J44 | K92: =SUM(E92:J92) | L92: =L80-L44 | M92: =M80-M44 | N92: =N80-N44 | O92: =O80-O44 | P92: =P80-P44 | Q92: =Q80-Q44 | R92: =SUM(L92:Q92) | S92: =S80-S44 | T92: =T80-T44 | U92: =U80-U44 | V92: =V80-V44 | W92: =W80-W44 | X92: =X80-X44 | Y92: =Y80-Y44
C93: 0027 集計 | D93: 中国 | E93: =E81-E45 | F93: =F81-F45 | G93: =G81-G45 | H93: =H81-H45 | I93: =I81-I45 | J93: =J81-J45 | K93: =SUM(E93:J93) | L93: =L81-L45 | M93: =M81-M45 | N93: =N81-N45 | O93: =O81-O45 | P93: =P81-P45 | Q93: =Q81-Q45 | R93: =SUM(L93:Q93) | S93: =S81-S45 | T93: =T81-T45 | U93: =U81-U45 | V93: =V81-V45 | W93: =W81-W45 | X93: =X81-X45 | Y93: =Y81-Y45
C94: 0028 集計 | D94: 自治体 | E94: =E82-E46 | F94: =F82-F46 | G94: =G82-G46 | H94: =H82-H46 | I94: =I82-I46 | J94: =J82-J46 | K94: =SUM(E94:J94) | L94: =L82-L46 | M94: =M82-M46 | N94: =N82-N46 | O94: =O82-O46 | P94: =P82-P46 | Q94: =Q82-Q46 | R94: =SUM(L94:Q94)
C95: 0029 集計 | D95: その他 | E95: =E83-E47 | F95: =F83-F47 | G95: =G83-G47 | H95: =H83-H47 | I95: =I83-I47 | J95: =J83-J47 | K95: =SUM(E95:J95) | L95: =L83-L47 | M95: =M83-M47 | N95: =N83-N47 | O95: =O83-O47 | P95: =P83-P47 | Q95: =Q83-Q47 | R95: =SUM(L95:Q95) | S95: =S83-S47 | T95: =T83-T47 | U95: =U83-U47 | V95: =V83-V47 | W95: =W83-W47 | X95: =X83-X47 | Y95: =Y83-Y47
C96: 合計 | E96: =SUM(E89:E95) | F96: =SUM(F89:F95) | G96: =SUM(G89:G95) | H96: =SUM(H89:H95) | I96: =SUM(I89:I95) | J96: =SUM(J89:J95) | K96: =SUM(E96:J96) | L96: =SUM(L89:L95) | M96: =SUM(M89:M95) | N96: =SUM(N89:N95) | O96: =SUM(O89:O95) | P96: =SUM(P89:P95) | Q96: =SUM(Q89:Q95) | R96: =SUM(L96:Q96) | S96: =S84-S48 | T96: =T84-T48 | U96: =U84-U48 | V96: =V84-V48 | W96: =W84-W48 | X96: =X84-X48 | Y96: =Y84-Y48
C98: 9．前期比
E99: 売上 | L99: 粗利益 | S99: 粗利益率
E100: 46113 | F100: 46143 | G100: 46174 | H100: 46204 | I100: 46235 | J100: 46266 | K100: 合計 | L100: 46113 | M100: 46143 | N100: 46174 | O100: 46204 | P100: 46235 | Q100: 46266 | R100: 合計 | S100: 46113 | T100: 46143 | U100: 46174 | V100: 46204 | W100: 46235 | X100: 46266 | Y100: 合計
C101: 0021 集計 | D101: 高橋所長 | E101: =E77-E17 | F101: =F77-F17 | G101: =G77-G17 | H101: =H77-H17 | I101: =I77-I17 | J101: =J77-J17 | K101: =SUM(E101:J101) | L101: =L77-L17 | M101: =M77-M17 | N101: =N77-N17 | O101: =O77-O17 | P101: =P77-P17 | Q101: =Q77-Q17 | R101: =SUM(L101:Q101) | S101: =S77-S17 | T101: =T77-T17 | U101: =U77-U17 | V101: =V77-V17 | W101: =W77-W17 | X101: =X77-X17 | Y101: =Y77-Y17
C102: 0024 集計 | D102: 東野 | E102: =E78-E18 | F102: =F78-F18 | G102: =G78-G18 | H102: =H78-H18 | I102: =I78-I18 | J102: =J78-J18 | K102: =SUM(E102:J102) | L102: =L78-L18 | M102: =M78-M18 | N102: =N78-N18 | O102: =O78-O18 | P102: =P78-P18 | Q102: =Q78-Q18 | R102: =SUM(L102:Q102) | S102: =S78-S18 | T102: =T78-T18 | U102: =U78-U18 | V102: =V78-V18 | W102: =W78-W18 | X102: =X78-X18 | Y102: =Y78-Y18
C103: 0025 集計 | D103: 橋本課長 | E103: =E79-E19 | F103: =F79-F19 | G103: =G79-G19 | H103: =H79-H19 | I103: =I79-I19 | J103: =J79-J19 | K103: =SUM(E103:J103) | L103: =L79-L19 | M103: =M79-M19 | N103: =N79-N19 | O103: =O79-O19 | P103: =P79-P19 | Q103: =Q79-Q19 | R103: =SUM(L103:Q103) | S103: =S79-S19 | T103: =T79-T19 | U103: =U79-U19 | V103: =V79-V19 | W103: =W79-W19 | X103: =X79-X19 | Y103: =Y79-Y19
C104: 0026 集計 | D104: 井上課長 | E104: =E80-E20 | F104: =F80-F20 | G104: =G80-G20 | H104: =H80-H20 | I104: =I80-I20 | J104: =J80-J20 | K104: =SUM(E104:J104) | L104: =L80-L20 | M104: =M80-M20 | N104: =N80-N20 | O104: =O80-O20 | P104: =P80-P20 | Q104: =Q80-Q20 | R104: =SUM(L104:Q104) | S104: =S80-S20 | T104: =T80-T20 | U104: =U80-U20 | V104: =V80-V20 | W104: =W80-W20 | X104: =X80-X20 | Y104: =Y80-Y20
C105: 0027 集計 | D105: 中国 | E105: =E81-E21 | F105: =F81-F21 | G105: =G81-G21 | H105: =H81-H21 | I105: =I81-I21 | J105: =J81-J21 | K105: =SUM(E105:J105) | L105: =L81-L21 | M105: =M81-M21 | N105: =N81-N21 | O105: =O81-O21 | P105: =P81-P21 | Q105: =Q81-Q21 | R105: =SUM(L105:Q105) | S105: =S81-S21 | T105: =T81-T21 | U105: =U81-U21 | V105: =V81-V21 | W105: =W81-W21 | X105: =X81-X21 | Y105: =Y81-Y21
C106: 0028 集計 | D106: 自治体 | E106: =E82-E22 | F106: =F82-F22 | G106: =G82-G22 | H106: =H82-H22 | I106: =I82-I22 | J106: =J82-J22 | K106: =SUM(E106:J106) | L106: =L82-L22 | M106: =M82-M22 | N106: =N82-N22 | O106: =O82-O22 | P106: =P82-P22 | Q106: =Q82-Q22 | R106: =SUM(L106:Q106)
C107: 0029 集計 | D107: その他 | E107: =E83-E23 | F107: =F83-F23 | G107: =G83-G23 | H107: =H83-H23 | I107: =I83-I23 | J107: =J83-J23 | K107: =SUM(E107:J107) | L107: =L83-L23 | M107: =M83-M23 | N107: =N83-N23 | O107: =O83-O23 | P107: =P83-P23 | Q107: =Q83-Q23 | R107: =SUM(L107:Q107) | S107: =S83-S23 | T107: =T83-T23 | U107: =U83-U23 | V107: =V83-V23 | W107: =W83-W23 | X107: =X83-X23 | Y107: =Y83-Y23
C108: 合計 | E108: =SUM(E101:E107) | F108: =SUM(F101:F107) | G108: =SUM(G101:G107) | H108: =SUM(H101:H107) | I108: =SUM(I101:I107) | J108: =SUM(J101:J107) | K108: =SUM(E108:J108) | L108: =SUM(L101:L107) | M108: =SUM(M101:M107) | N108: =SUM(N101:N107) | O108: =SUM(O101:O107) | P108: =SUM(P101:P107) | Q108: =SUM(Q101:Q107) | R108: =SUM(L108:Q108) | S108: =S84-S24 | T108: =T84-T24 | U108: =U84-U24 | V108: =V84-V24 | W108: =W84-W24 | X108: =X84-X24 | Y108: =Y84-Y24

Sheet 全体
C1: 下関営業所全体
C2: 1．2024年
E3: 売上 | L3: 粗利益 | S3: 粗利益率
E4: 45383 | F4: 45413 | G4: 45444 | H4: 45474 | I4: 45505 | J4: 45536 | K4: 合計 | L4: 45383 | M4: 45413 | N4: 45444 | O4: 45474 | P4: 45505 | Q4: 45536 | R4: 合計 | S4: 45017 | T4: 45047 | U4: 45078 | V4: 45108 | W4: 45139 | X4: 45170 | Y4: 合計
C5: 0021 集計 | D5: 高橋所長 | E5: 11753.171 | F5: 10563.879 | G5: 9223.07 | H5: 10595.855 | I5: 10776.385 | J5: 8638.656 | K5: =SUM(E5:J5) | L5: 2624.741 | M5: 2364.821 | N5: 2014.608 | O5: 2326.429 | P5: 2387.037 | Q5: 2072.398 | R5: =SUM(L5:Q5) | S5: =IF(E5=0,"***",L5/E5) | T5: =IF(F5=0,"***",M5/F5) | U5: =IF(G5=0,"***",N5/G5) | V5: =IF(H5=0,"***",O5/H5) | W5: =IF(I5=0,"***",P5/I5) | X5: =IF(J5=0,"***",Q5/J5) | Y5: =IF(K5=0,"***",R5/K5)
C6: 0024 集計 | D6: 東野 | E6: 13328.239 | F6: 10428.931 | G6: 11991.208 | H6: 13843.186 | I6: 11383.003 | J6: 14024.166 | K6: =SUM(E6:J6) | L6: 2832.923 | M6: 2155.516 | N6: 2459.638 | O6: 2954.298 | P6: 2296.569 | Q6: 2908.856 | R6: =SUM(L6:Q6) | S6: =IF(E6=0,"***",L6/E6) | T6: =IF(F6=0,"***",M6/F6) | U6: =IF(G6=0,"***",N6/G6) | V6: =IF(H6=0,"***",O6/H6) | W6: =IF(I6=0,"***",P6/I6) | X6: =IF(J6=0,"***",Q6/J6) | Y6: =IF(K6=0,"***",R6/K6)
C7: 0025 集計 | D7: 橋本課長 | E7: 9755.118 | F7: 8922.02 | G7: 7512.023 | H7: 8068.27 | I7: 8839.392 | J7: 9951.129 | K7: =SUM(E7:J7) | L7: 1820.776 | M7: 1584.587 | N7: 1260.419 | O7: 1425.398 | P7: 1569.458 | Q7: 1621.124 | R7: =SUM(L7:Q7) | S7: =IF(E7=0,"***",L7/E7) | T7: =IF(F7=0,"***",M7/F7) | U7: =IF(G7=0,"***",N7/G7) | V7: =IF(H7=0,"***",O7/H7) | W7: =IF(I7=0,"***",P7/I7) | X7: =IF(J7=0,"***",Q7/J7) | Y7: =IF(K7=0,"***",R7/K7)
C8: 0026 集計 | D8: 井上課長 | E8: 13260.614 | F8: 11607.928 | G8: 11655.598 | H8: 12809.026 | I8: 11252.949 | J8: 11636.983 | K8: =SUM(E8:J8) | L8: 2517.61 | M8: 2235.196 | N8: 2179.799 | O8: 2431.708 | P8: 2204.012 | Q8: 2268.755 | R8: =SUM(L8:Q8) | S8: =IF(E8=0,"***",L8/E8) | T8: =IF(F8=0,"***",M8/F8) | U8: =IF(G8=0,"***",N8/G8) | V8: =IF(H8=0,"***",O8/H8) | W8: =IF(I8=0,"***",P8/I8) | X8: =IF(J8=0,"***",Q8/J8) | Y8: =IF(K8=0,"***",R8/K8)
C9: 0027 集計 | D9: 中国 | E9: 3244.418 | F9: 0 | G9: 0 | H9: 0 | I9: 0 | J9: 2238.475 | K9: =SUM(E9:J9) | L9: 177.043 | M9: 0 | N9: 0 | O9: 0 | P9: 0 | Q9: 136.78 | R9: =SUM(L9:Q9) | S9: =IF(E9=0,"***",L9/E9) | T9: =IF(F9=0,"***",M9/F9) | U9: =IF(G9=0,"***",N9/G9) | V9: =IF(H9=0,"***",O9/H9) | W9: =IF(I9=0,"***",P9/I9) | X9: =IF(J9=0,"***",Q9/J9) | Y9: =IF(K9=0,"***",R9/K9)
C10: 0028 集計 | D10: 自治体
C11: 0029 集計 | D11: その他 | E11: 75.2 | F11: 1.8 | G11: 0 | H11: 0 | I11: 0 | J11: 0 | K11: =SUM(E11:J11) | L11: 16.72 | M11: 0.525 | N11: 0 | O11: 0 | P11: 0 | Q11: 0 | R11: =SUM(L11:Q11) | S11: =IF(E11=0,"***",L11/E11) | T11: =IF(F11=0,"***",M11/F11) | U11: =IF(G11=0,"***",N11/G11) | V11: =IF(H11=0,"***",O11/H11) | W11: =IF(I11=0,"***",P11/I11) | X11: =IF(J11=0,"***",Q11/J11) | Y11: =IF(K11=0,"***",R11/K11)
C12: 合計 | E12: =SUM(E5:E11) | F12: =SUM(F5:F11) | G12: =SUM(G5:G11) | H12: =SUM(H5:H11) | I12: =SUM(I5:I11) | J12: =SUM(J5:J11) | K12: =SUM(E12:J12) | L12: =SUM(L5:L11) | M12: =SUM(M5:M11) | N12: =SUM(N5:N11) | O12: =SUM(O5:O11) | P12: =SUM(P5:P11) | Q12: =SUM(Q5:Q11) | R12: =SUM(L12:Q12) | S12: =IF(E12=0,"***",L12/E12) | T12: =IF(F12=0,"***",M12/F12) | U12: =IF(G12=0,"***",N12/G12) | V12: =IF(H12=0,"***",O12/H12) | W12: =IF(I12=0,"***",P12/I12) | X12: =IF(J12=0,"***",Q12/J12) | Y12: =IF(K12=0,"***",R12/K12)
C14: 2．2025年
E15: 売上 | L15: 粗利益 | S15: 粗利益率
E16: 45748 | F16: 45778 | G16: 45809 | H16: 45839 | I16: 45870 | J16: 45901 | K16: 合計 | L16: 45748 | M16: 45778 | N16: 45809 | O16: 45839 | P16: 45870 | Q16: 45901 | R16: 合計 | S16: 45748 | T16: 45778 | U16: 45809 | V16: 45839 | W16: 45870 | X16: 45901 | Y16: 合計
C17: 0021 集計 | D17: 高橋所長 | E17: 12613.22 | F17: 8701.224 | G17: 8907.097 | H17: 11991.28 | I17: 8473.623 | J17: 10873.978 | K17: =SUM(E17:J17) | L17: 3055.373 | M17: 1995.807 | N17: 2147.106 | O17: 2808.03 | P17: 1948.398 | Q17: 2467.586 | R17: =SUM(L17:Q17) | S17: =IF(E17=0,"***",L17/E17) | T17: =IF(F17=0,"***",M17/F17) | U17: =IF(G17=0,"***",N17/G17) | V17: =IF(H17=0,"***",O17/H17) | W17: =IF(I17=0,"***",P17/I17) | X17: =IF(J17=0,"***",Q17/J17) | Y17: =IF(K17=0,"***",R17/K17)
C18: 0024 集計 | D18: 東野 | E18: 14217.865 | F18: 12444.771 | G18: 11689.779 | H18: 14073.076 | I18: 11761.85 | J18: 12710.688 | K18: =SUM(E18:J18) | L18: 2955.326 | M18: 2676.657 | N18: 2394.003 | O18: 2966.272 | P18: 2500.065 | Q18: 2549.72 | R18: =SUM(L18:Q18) | S18: =IF(E18=0,"***",L18/E18) | T18: =IF(F18=0,"***",M18/F18) | U18: =IF(G18=0,"***",N18/G18) | V18: =IF(H18=0,"***",O18/H18) | W18: =IF(I18=0,"***",P18/I18) | X18: =IF(J18=0,"***",Q18/J18) | Y18: =IF(K18=0,"***",R18/K18)
C19: 0025 集計 | D19: 橋本課長 | E19: 9524.192 | F19: 7397.389 | G19: 6553.115 | H19: 7484.947 | I19: 7106.066 | J19: 9966.925 | K19: =SUM(E19:J19) | L19: 1605.049 | M19: 1501.787 | N19: 1231.215 | O19: 1371.167 | P19: 1453.381 | Q19: 1870.951 | R19: =SUM(L19:Q19) | S19: =IF(E19=0,"***",L19/E19) | T19: =IF(F19=0,"***",M19/F19) | U19: =IF(G19=0,"***",N19/G19) | V19: =IF(H19=0,"***",O19/H19) | W19: =IF(I19=0,"***",P19/I19) | X19: =IF(J19=0,"***",Q19/J19) | Y19: =IF(K19=0,"***",R19/K19)
C20: 0026 集計 | D20: 井上課長 | E20: 14053.099 | F20: 12472.69 | G20: 11107.365 | H20: 12987.361 | I20: 11939.249 | J20: 11811.983 | K20: =SUM(E20:J20) | L20: 2683.704 | M20: 2345.139 | N20: 2120.899 | O20: 2561.005 | P20: 2364.696 | Q20: 2326.408 | R20: =SUM(L20:Q20) | S20: =IF(E20=0,"***",L20/E20) | T20: =IF(F20=0,"***",M20/F20) | U20: =IF(G20=0,"***",N20/G20) | V20: =IF(H20=0,"***",O20/H20) | W20: =IF(I20=0,"***",P20/I20) | X20: =IF(J20=0,"***",Q20/J20) | Y20: =IF(K20=0,"***",R20/K20)
C21: 0027 集計 | D21: 中国 | E21: 0 | F21: 0 | G21: 0 | H21: 0 | I21: 0 | J21: 0 | K21: =SUM(E21:J21) | L21: 0 | M21: 0 | N21: 0 | O21: 0 | P21: 0 | Q21: 0 | R21: =SUM(L21:Q21) | S21: =IF(E21=0,"***",L21/E21) | T21: =IF(F21=0,"***",M21/F21) | U21: =IF(G21=0,"***",N21/G21) | V21: =IF(H21=0,"***",O21/H21) | W21: =IF(I21=0,"***",P21/I21) | X21: =IF(J21=0,"***",Q21/J21) | Y21: =IF(K21=0,"***",R21/K21)
C22: 0028 集計 | D22: 自治体 | E22: 0 | F22: 0 | G22: 0 | H22: 107.5 | I22: 0 | J22: 0 | K22: =SUM(E22:J22) | L22: 0 | M22: 0 | N22: 0 | O22: 3.6 | P22: 0 | Q22: 0 | R22: =SUM(L22:Q22) | S22: =IF(E22=0,"***",L22/E22) | T22: =IF(F22=0,"***",M22/F22) | U22: =IF(G22=0,"***",N22/G22) | V22: =IF(H22=0,"***",O22/H22) | W22: =IF(I22=0,"***",P22/I22) | X22: =IF(J22=0,"***",Q22/J22) | Y22: =IF(K22=0,"***",R22/K22)
C23: 0029 集計 | D23: その他 | E23: 0 | F23: 0 | G23: 125 | H23: 0 | I23: 4.8 | J23: 0 | K23: =SUM(E23:J23) | L23: 0 | M23: 0 | N23: 20.2 | O23: 0 | P23: 1.38 | Q23: 0 | R23: =SUM(L23:Q23) | S23: =IF(E23=0,"***",L23/E23) | T23: =IF(F23=0,"***",M23/F23) | U23: =IF(G23=0,"***",N23/G23) | V23: =IF(H23=0,"***",O23/H23) | W23: =IF(I23=0,"***",P23/I23) | X23: =IF(J23=0,"***",Q23/J23) | Y23: =IF(K23=0,"***",R23/K23)
C24: 合計 | E24: =SUM(E17:E23) | F24: =SUM(F17:F23) | G24: =SUM(G17:G23) | H24: =SUM(H17:H23) | I24: =SUM(I17:I23) | J24: =SUM(J17:J23) | K24: =SUM(E24:J24) | L24: =SUM(L17:L23) | M24: =SUM(M17:M23) | N24: =SUM(N17:N23) | O24: =SUM(O17:O23) | P24: =SUM(P17:P23) | Q24: =SUM(Q17:Q23) | R24: =SUM(L24:Q24) | S24: =IF(E24=0,"***",L24/E24) | T24: =IF(F24=0,"***",M24/F24) | U24: =IF(G24=0,"***",N24/G24) | V24: =IF(H24=0,"***",O24/H24) | W24: =IF(I24=0,"***",P24/I24) | X24: =IF(J24=0,"***",Q24/J24) | Y24: =IF(K24=0,"***",R24/K24)
C26: 3．過年度平均
E27: 売上 | L27: 粗利益 | S27: 粗利益率
E28: 45748 | F28: 45778 | G28: 45809 | H28: 45839 | I28: 45870 | J28: 45901 | K28: 合計 | L28: 45748 | M28: 45778 | N28: 45809 | O28: 45839 | P28: 45870 | Q28: 45901 | R28: 合計 | S28: 45748 | T28: 45778 | U28: 45809 | V28: 45839 | W28: 45870 | X28: 45901 | Y28: 合計
C29: 0021 集計 | D29: 高橋所長 | E29: =(E17+E5)/2 | F29: =(F17+F5)/2 | G29: =(G17+G5)/2 | H29: =(H17+H5)/2 | I29: =(I17+I5)/2 | J29: =(J17+J5)/2 | K29: =SUM(E29:J29) | L29: =(L17+L5)/2 | M29: =(M17+M5)/2 | N29: =(N17+N5)/2 | O29: =(O17+O5)/2 | P29: =(P17+P5)/2 | Q29: =(Q17+Q5)/2 | R29: =SUM(L29:Q29) | S29: =IF(E29=0,"***",L29/E29) | T29: =IF(F29=0,"***",M29/F29) | U29: =IF(G29=0,"***",N29/G29) | V29: =IF(H29=0,"***",O29/H29) | W29: =IF(I29=0,"***",P29/I29) | X29: =IF(J29=0,"***",Q29/J29) | Y29: =IF(K29=0,"***",R29/K29)
C30: 0024 集計 | D30: 東野 | E30: =(E18+E6)/2 | F30: =(F18+F6)/2 | G30: =(G18+G6)/2 | H30: =(H18+H6)/2 | I30: =(I18+I6)/2 | J30: =(J18+J6)/2 | K30: =SUM(E30:J30) | L30: =(L18+L6)/2 | M30: =(M18+M6)/2 | N30: =(N18+N6)/2 | O30: =(O18+O6)/2 | P30: =(P18+P6)/2 | Q30: =(Q18+Q6)/2 | R30: =SUM(L30:Q30) | S30: =IF(E30=0,"***",L30/E30) | T30: =IF(F30=0,"***",M30/F30) | U30: =IF(G30=0,"***",N30/G30) | V30: =IF(H30=0,"***",O30/H30) | W30: =IF(I30=0,"***",P30/I30) | X30: =IF(J30=0,"***",Q30/J30) | Y30: =IF(K30=0,"***",R30/K30)
C31: 0025 集計 | D31: 橋本課長 | E31: =(E19+E7)/2 | F31: =(F19+F7)/2 | G31: =(G19+G7)/2 | H31: =(H19+H7)/2 | I31: =(I19+I7)/2 | J31: =(J19+J7)/2 | K31: =SUM(E31:J31) | L31: =(L19+L7)/2 | M31: =(M19+M7)/2 | N31: =(N19+N7)/2 | O31: =(O19+O7)/2 | P31: =(P19+P7)/2 | Q31: =(Q19+Q7)/2 | R31: =SUM(L31:Q31) | S31: =IF(E31=0,"***",L31/E31) | T31: =IF(F31=0,"***",M31/F31) | U31: =IF(G31=0,"***",N31/G31) | V31: =IF(H31=0,"***",O31/H31) | W31: =IF(I31=0,"***",P31/I31) | X31: =IF(J31=0,"***",Q31/J31) | Y31: =IF(K31=0,"***",R31/K31)
C32: 0026 集計 | D32: 井上課長 | E32: =(E20+E8)/2 | F32: =(F20+F8)/2 | G32: =(G20+G8)/2 | H32: =(H20+H8)/2 | I32: =(I20+I8)/2 | J32: =(J20+J8)/2 | K32: =SUM(E32:J32) | L32: =(L20+L8)/2 | M32: =(M20+M8)/2 | N32: =(N20+N8)/2 | O32: =(O20+O8)/2 | P32: =(P20+P8)/2 | Q32: =(Q20+Q8)/2 | R32: =SUM(L32:Q32) | S32: =IF(E32=0,"***",L32/E32) | T32: =IF(F32=0,"***",M32/F32) | U32: =IF(G32=0,"***",N32/G32) | V32: =IF(H32=0,"***",O32/H32) | W32: =IF(I32=0,"***",P32/I32) | X32: =IF(J32=0,"***",Q32/J32) | Y32: =IF(K32=0,"***",R32/K32)
C33: 0027 集計 | D33: 中国 | E33: =(E21+E9)/2 | F33: =(F21+F9)/2 | G33: =(G21+G9)/2 | H33: =(H21+H9)/2 | I33: =(I21+I9)/2 | J33: =(J21+J9)/2 | K33: =SUM(E33:J33) | L33: =(L21+L9)/2 | M33: =(M21+M9)/2 | N33: =(N21+N9)/2 | O33: =(O21+O9)/2 | P33: =(P21+P9)/2 | Q33: =(Q21+Q9)/2 | R33: =SUM(L33:Q33) | S33: =IF(E33=0,"***",L33/E33) | T33: =IF(F33=0,"***",M33/F33) | U33: =IF(G33=0,"***",N33/G33) | V33: =IF(H33=0,"***",O33/H33) | W33: =IF(I33=0,"***",P33/I33) | X33: =IF(J33=0,"***",Q33/J33) | Y33: =IF(K33=0,"***",R33/K33)
C34: 0028 集計 | D34: 自治体 | E34: =(E22+E10)/2 | F34: =(F22+F10)/2 | G34: =(G22+G10)/2 | H34: =(H22+H10)/2 | I34: =(I22+I10)/2 | J34: =(J22+J10)/2 | K34: =SUM(E34:J34) | L34: =(L22+L10)/2 | M34: =(M22+M10)/2 | N34: =(N22+N10)/2 | O34: =(O22+O10)/2 | P34: =(P22+P10)/2 | Q34: =(Q22+Q10)/2 | R34: =SUM(L34:Q34) | S34: =IF(E34=0,"***",L34/E34) | T34: =IF(F34=0,"***",M34/F34) | U34: =IF(G34=0,"***",N34/G34) | V34: =IF(H34=0,"***",O34/H34) | W34: =IF(I34=0,"***",P34/I34) | X34: =IF(J34=0,"***",Q34/J34) | Y34: =IF(K34=0,"***",R34/K34)
C35: 0029 集計 | D35: その他 | E35: =(E23+E11)/2 | F35: =(F23+F11)/2 | G35: =(G23+G11)/2 | H35: =(H23+H11)/2 | I35: =(I23+I11)/2 | J35: =(J23+J11)/2 | K35: =SUM(E35:J35) | L35: =(L23+L11)/2 | M35: =(M23+M11)/2 | N35: =(N23+N11)/2 | O35: =(O23+O11)/2 | P35: =(P23+P11)/2 | Q35: =(Q23+Q11)/2 | R35: =SUM(L35:Q35) | S35: =IF(E35=0,"***",L35/E35) | T35: =IF(F35=0,"***",M35/F35) | U35: =IF(G35=0,"***",N35/G35) | V35: =IF(H35=0,"***",O35/H35) | W35: =IF(I35=0,"***",P35/I35) | X35: =IF(J35=0,"***",Q35/J35) | Y35: =IF(K35=0,"***",R35/K35)
C36: 合計 | E36: =SUM(E29:E35) | F36: =SUM(F29:F35) | G36: =SUM(G29:G35) | H36: =SUM(H29:H35) | I36: =SUM(I29:I35) | J36: =SUM(J29:J35) | K36: =SUM(E36:J36) | L36: =SUM(L29:L35) | M36: =SUM(M29:M35) | N36: =SUM(N29:N35) | O36: =SUM(O29:O35) | P36: =SUM(P29:P35) | Q36: =SUM(Q29:Q35) | R36: =SUM(L36:Q36) | S36: =IF(E36=0,"***",L36/E36) | T36: =IF(F36=0,"***",M36/F36) | U36: =IF(G36=0,"***",N36/G36) | V36: =IF(H36=0,"***",O36/H36) | W36: =IF(I36=0,"***",P36/I36) | X36: =IF(J36=0,"***",Q36/J36) | Y36: =IF(K36=0,"***",R36/K36)
C38: 4．計画
E39: 売上 | L39: 粗利益 | S39: 粗利益率
E40: 46113 | F40: 46143 | G40: 46174 | H40: 46204 | I40: 46235 | J40: 46266 | K40: 合計 | L40: 46113 | M40: 46143 | N40: 46174 | O40: 46204 | P40: 46235 | Q40: 46266 | R40: 合計 | S40: 46113 | T40: 46143 | U40: 46174 | V40: 46204 | W40: 46235 | X40: 46266 | Y40: 合計
C41: 0021 集計 | D41: 高橋所長 | E41: 12500 | F41: 9500 | G41: 9500 | H41: 11000 | I41: 11000 | J41: 11800 | K41: =SUM(E41:J41) | L41: 2900 | M41: 2200 | N41: 2200 | O41: 2550 | P41: 2550 | Q41: 2750 | R41: =SUM(L41:Q41) | S41: =IF(E41=0,"***",L41/E41) | T41: =IF(F41=0,"***",M41/F41) | U41: =IF(G41=0,"***",N41/G41) | V41: =IF(H41=0,"***",O41/H41) | W41: =IF(I41=0,"***",P41/I41) | X41: =IF(J41=0,"***",Q41/J41) | Y41: =IF(K41=0,"***",R41/K41)
C42: 0024 集計 | D42: 東野 | E42: 17000 | F42: 13000 | G42: 12200 | H42: 14500 | I42: 12200 | J42: 13200 | K42: =SUM(E42:J42) | L42: 3400 | M42: 2700 | N42: 2500 | O42: 3000 | P42: 2550 | Q42: 2750 | R42: =SUM(L42:Q42) | S42: =IF(E42=0,"***",L42/E42) | T42: =IF(F42=0,"***",M42/F42) | U42: =IF(G42=0,"***",N42/G42) | V42: =IF(H42=0,"***",O42/H42) | W42: =IF(I42=0,"***",P42/I42) | X42: =IF(J42=0,"***",Q42/J42) | Y42: =IF(K42=0,"***",R42/K42)
C43: 0025 集計 | D43: 橋本課長 | E43: 10000 | F43: 7800 | G43: 7100 | H43: 8000 | I43: 8000 | J43: 10500 | K43: =SUM(E43:J43) | L43: 1850 | M43: 1450 | N43: 1350 | O43: 1550 | P43: 1550 | Q43: 2000 | R43: =SUM(L43:Q43) | S43: =IF(E43=0,"***",L43/E43) | T43: =IF(F43=0,"***",M43/F43) | U43: =IF(G43=0,"***",N43/G43) | V43: =IF(H43=0,"***",O43/H43) | W43: =IF(I43=0,"***",P43/I43) | X43: =IF(J43=0,"***",Q43/J43) | Y43: =IF(K43=0,"***",R43/K43)
C44: 0026 集計 | D44: 井上課長 | E44: 14000 | F44: 12500 | G44: 11500 | H44: 13500 | I44: 12500 | J44: 21000 | K44: =SUM(E44:J44) | L44: 2650 | M44: 2400 | N44: 2250 | O44: 2650 | P44: 2450 | Q44: 3800 | R44: =SUM(L44:Q44) | S44: =IF(E44=0,"***",L44/E44) | T44: =IF(F44=0,"***",M44/F44) | U44: =IF(G44=0,"***",N44/G44) | V44: =IF(H44=0,"***",O44/H44) | W44: =IF(I44=0,"***",P44/I44) | X44: =IF(J44=0,"***",Q44/J44) | Y44: =IF(K44=0,"***",R44/K44)
C45: 0027 集計 | D45: 中国 | E45: 0 | F45: 0 | G45: 0 | H45: 0 | I45: 0 | J45: 0 | K45: =SUM(E45:J45) | L45: 0 | M45: 0 | N45: 0 | O45: 0 | P45: 0 | Q45: 0 | R45: =SUM(L45:Q45) | S45: =IF(E45=0,"***",L45/E45) | T45: =IF(F45=0,"***",M45/F45) | U45: =IF(G45=0,"***",N45/G45) | V45: =IF(H45=0,"***",O45/H45) | W45: =IF(I45=0,"***",P45/I45) | X45: =IF(J45=0,"***",Q45/J45) | Y45: =IF(K45=0,"***",R45/K45)
C46: 0028 集計 | D46: 自治体 | G46: 100 | J46: 100 | K46: =SUM(E46:J46) | N46: 10 | Q46: 10 | R46: =SUM(L46:Q46) | S46: =IF(E46=0,"***",L46/E46) | T46: =IF(F46=0,"***",M46/F46) | U46: =IF(G46=0,"***",N46/G46) | V46: =IF(H46=0,"***",O46/H46) | W46: =IF(I46=0,"***",P46/I46) | X46: =IF(J46=0,"***",Q46/J46) | Y46: =IF(K46=0,"***",R46/K46)
C47: 0029 集計 | D47: その他 | K47: =SUM(E47:J47) | R47: =SUM(L47:Q47) | S47: =IF(E47=0,"***",L47/E47) | T47: =IF(F47=0,"***",M47/F47) | U47: =IF(G47=0,"***",N47/G47) | V47: =IF(H47=0,"***",O47/H47) | W47: =IF(I47=0,"***",P47/I47) | X47: =IF(J47=0,"***",Q47/J47) | Y47: =IF(K47=0,"***",R47/K47)
C48: 合計 | E48: =SUM(E41:E47) | F48: =SUM(F41:F47) | G48: =SUM(G41:G47) | H48: =SUM(H41:H47) | I48: =SUM(I41:I47) | J48: =SUM(J41:J47) | K48: =SUM(E48:J48) | L48: =SUM(L41:L47) | M48: =SUM(M41:M47) | N48: =SUM(N41:N47) | O48: =SUM(O41:O47) | P48: =SUM(P41:P47) | Q48: =SUM(Q41:Q47) | R48: =SUM(L48:Q48) | S48: =IF(E48=0,"***",L48/E48) | T48: =IF(F48=0,"***",M48/F48) | U48: =IF(G48=0,"***",N48/G48) | V48: =IF(H48=0,"***",O48/H48) | W48: =IF(I48=0,"***",P48/I48) | X48: =IF(J48=0,"***",Q48/J48) | Y48: =IF(K48=0,"***",R48/K48)
C50: ５．前期比
E51: 売上 | L51: 粗利益 | S51: 粗利益率
E52: 46113 | F52: 46143 | G52: 46174 | H52: 46204 | I52: 46235 | J52: 46266 | K52: 合計 | L52: 46113 | M52: 46143 | N52: 46174 | O52: 46204 | P52: 46235 | Q52: 46266 | R52: 合計 | S52: 46113 | T52: 46143 | U52: 46174 | V52: 46204 | W52: 46235 | X52: 46266 | Y52: 合計
C53: 0021 集計 | D53: 高橋所長 | E53: =E41-E17 | F53: =F41-F17 | G53: =G41-G17 | H53: =H41-H17 | I53: =I41-I17 | J53: =J41-J17 | K53: =SUM(E53:J53) | L53: =L41-L17 | M53: =M41-M17 | N53: =N41-N17 | O53: =O41-O17 | P53: =P41-P17 | Q53: =Q41-Q17 | R53: =SUM(L53:Q53) | S53: =S41-S17 | T53: =T41-T17 | U53: =U41-U17 | V53: =V41-V17 | W53: =W41-W17 | X53: =X41-X17 | Y53: =Y41-Y17
C54: 0024 集計 | D54: 東野 | E54: =E42-E18 | F54: =F42-F18 | G54: =G42-G18 | H54: =H42-H18 | I54: =I42-I18 | J54: =J42-J18 | K54: =SUM(E54:J54) | L54: =L42-L18 | M54: =M42-M18 | N54: =N42-N18 | O54: =O42-O18 | P54: =P42-P18 | Q54: =Q42-Q18 | R54: =SUM(L54:Q54) | S54: =S42-S18 | T54: =T42-T18 | U54: =U42-U18 | V54: =V42-V18 | W54: =W42-W18 | X54: =X42-X18 | Y54: =Y42-Y18
C55: 0025 集計 | D55: 橋本課長 | E55: =E43-E19 | F55: =F43-F19 | G55: =G43-G19 | H55: =H43-H19 | I55: =I43-I19 | J55: =J43-J19 | K55: =SUM(E55:J55) | L55: =L43-L19 | M55: =M43-M19 | N55: =N43-N19 | O55: =O43-O19 | P55: =P43-P19 | Q55: =Q43-Q19 | R55: =SUM(L55:Q55) | S55: =S43-S19 | T55: =T43-T19 | U55: =U43-U19 | V55: =V43-V19 | W55: =W43-W19 | X55: =X43-X19 | Y55: =Y43-Y19
C56: 0026 集計 | D56: 井上課長 | E56: =E44-E20 | F56: =F44-F20 | G56: =G44-G20 | H56: =H44-H20 | I56: =I44-I20 | J56: =J44-J20 | K56: =SUM(E56:J56) | L56: =L44-L20 | M56: =M44-M20 | N56: =N44-N20 | O56: =O44-O20 | P56: =P44-P20 | Q56: =Q44-Q20 | R56: =SUM(L56:Q56) | S56: =S44-S20 | T56: =T44-T20 | U56: =U44-U20 | V56: =V44-V20 | W56: =W44-W20 | X56: =X44-X20 | Y56: =Y44-Y20
C57: 0027 集計 | D57: 中国 | E57: =E45-E21 | F57: =F45-F21 | G57: =G45-G21 | H57: =H45-H21 | I57: =I45-I21 | J57: =J45-J21 | K57: =SUM(E57:J57) | L57: =L45-L21 | M57: =M45-M21 | N57: =N45-N21 | O57: =O45-O21 | P57: =P45-P21 | Q57: =Q45-Q21 | R57: =SUM(L57:Q57) | S57: =S45-S21 | T57: =T45-T21 | U57: =U45-U21 | V57: =V45-V21 | W57: =W45-W21 | X57: =X45-X21 | Y57: =Y45-Y21
C58: 0028 集計 | D58: 自治体
C59: 0029 集計 | D59: その他 | E59: =E47-E23 | F59: =F47-F23 | G59: =G47-G23 | H59: =H47-H23 | I59: =I47-I23 | J59: =J47-J23 | K59: =SUM(E59:J59) | L59: =L47-L23 | M59: =M47-M23 | N59: =N47-N23 | O59: =O47-O23 | P59: =P47-P23 | Q59: =Q47-Q23 | R59: =SUM(L59:Q59) | S59: =S47-S23 | T59: =T47-T23 | U59: =U47-U23 | V59: =V47-V23 | W59: =W47-W23 | X59: =X47-X23 | Y59: =Y47-Y23
C60: 合計 | E60: =SUM(E53:E59) | F60: =SUM(F53:F59) | G60: =SUM(G53:G59) | H60: =SUM(H53:H59) | I60: =SUM(I53:I59) | J60: =SUM(J53:J59) | K60: =SUM(E60:J60) | L60: =SUM(L53:L59) | M60: =SUM(M53:M59) | N60: =SUM(N53:N59) | O60: =SUM(O53:O59) | P60: =SUM(P53:P59) | Q60: =SUM(Q53:Q59) | R60: =SUM(L60:Q60) | S60: =S48-S24 | T60: =T48-T24 | U60: =U48-U24 | V60: =V48-V24 | W60: =W48-W24 | X60: =X48-X24 | Y60: =Y48-Y24
C62: 6．過年度平均比
E63: 売上 | L63: 粗利益 | S63: 粗利益率
E64: 46113 | F64: 46143 | G64: 46174 | H64: 46204 | I64: 46235 | J64: 46266 | K64: 合計 | L64: 46113 | M64: 46143 | N64: 46174 | O64: 46204 | P64: 46235 | Q64: 46266 | R64: 合計 | S64: 46113 | T64: 46143 | U64: 46174 | V64: 46204 | W64: 46235 | X64: 46266 | Y64: 合計
C65: 0021 集計 | D65: 高橋所長 | E65: =E41-E29 | F65: =F41-F29 | G65: =G41-G29 | H65: =H41-H29 | I65: =I41-I29 | J65: =J41-J29 | K65: =SUM(E65:J65) | L65: =L41-L29 | M65: =M41-M29 | N65: =N41-N29 | O65: =O41-O29 | P65: =P41-P29 | Q65: =Q41-Q29 | R65: =SUM(L65:Q65) | S65: =S41-S29 | T65: =T41-T29 | U65: =U41-U29 | V65: =V41-V29 | W65: =W41-W29 | X65: =X41-X29 | Y65: =Y41-Y29
C66: 0024 集計 | D66: 東野 | E66: =E42-E30 | F66: =F42-F30 | G66: =G42-G30 | H66: =H42-H30 | I66: =I42-I30 | J66: =J42-J30 | K66: =SUM(E66:J66) | L66: =L42-L30 | M66: =M42-M30 | N66: =N42-N30 | O66: =O42-O30 | P66: =P42-P30 | Q66: =Q42-Q30 | R66: =SUM(L66:Q66) | S66: =S42-S30 | T66: =T42-T30 | U66: =U42-U30 | V66: =V42-V30 | W66: =W42-W30 | X66: =X42-X30 | Y66: =Y42-Y30
C67: 0025 集計 | D67: 橋本課長 | E67: =E43-E31 | F67: =F43-F31 | G67: =G43-G31 | H67: =H43-H31 | I67: =I43-I31 | J67: =J43-J31 | K67: =SUM(E67:J67) | L67: =L43-L31 | M67: =M43-M31 | N67: =N43-N31 | O67: =O43-O31 | P67: =P43-P31 | Q67: =Q43-Q31 | R67: =SUM(L67:Q67) | S67: =S43-S31 | T67: =T43-T31 | U67: =U43-U31 | V67: =V43-V31 | W67: =W43-W31 | X67: =X43-X31 | Y67: =Y43-Y31
C68: 0026 集計 | D68: 井上課長 | E68: =E44-E32 | F68: =F44-F32 | G68: =G44-G32 | H68: =H44-H32 | I68: =I44-I32 | J68: =J44-J32 | K68: =SUM(E68:J68) | L68: =L44-L32 | M68: =M44-M32 | N68: =N44-N32 | O68: =O44-O32 | P68: =P44-P32 | Q68: =Q44-Q32 | R68: =SUM(L68:Q68) | S68: =S44-S32 | T68: =T44-T32 | U68: =U44-U32 | V68: =V44-V32 | W68: =W44-W32 | X68: =X44-X32 | Y68: =Y44-Y32
C69: 0027 集計 | D69: 中国 | E69: =E45-E33 | F69: =F45-F33 | G69: =G45-G33 | H69: =H45-H33 | I69: =I45-I33 | J69: =J45-J33 | K69: =SUM(E69:J69) | L69: =L45-L33 | M69: =M45-M33 | N69: =N45-N33 | O69: =O45-O33 | P69: =P45-P33 | Q69: =Q45-Q33 | R69: =SUM(L69:Q69) | S69: =S45-S33 | T69: =T45-T33 | U69: =U45-U33 | V69: =V45-V33 | W69: =W45-W33 | X69: =X45-X33 | Y69: =Y45-Y33
C70: 0028 集計 | D70: 自治体
C71: 0029 集計 | D71: その他 | E71: =E47-E35 | F71: =F47-F35 | G71: =G47-G35 | H71: =H47-H35 | I71: =I47-I35 | J71: =J47-J35 | K71: =SUM(E71:J71) | L71: =L47-L35 | M71: =M47-M35 | N71: =N47-N35 | O71: =O47-O35 | P71: =P47-P35 | Q71: =Q47-Q35 | R71: =SUM(L71:Q71) | S71: =S47-S35 | T71: =T47-T35 | U71: =U47-U35 | V71: =V47-V35 | W71: =W47-W35 | X71: =X47-X35 | Y71: =Y47-Y35
C72: 合計 | E72: =SUM(E65:E71) | F72: =SUM(F65:F71) | G72: =SUM(G65:G71) | H72: =SUM(H65:H71) | I72: =SUM(I65:I71) | J72: =SUM(J65:J71) | K72: =SUM(E72:J72) | L72: =SUM(L65:L71) | M72: =SUM(M65:M71) | N72: =SUM(N65:N71) | O72: =SUM(O65:O71) | P72: =SUM(P65:P71) | Q72: =SUM(Q65:Q71) | R72: =SUM(L72:Q72) | S72: =S48-S36 | T72: =T48-T36 | U72: =U48-U36 | V72: =V48-V36 | W72: =W48-W36 | X72: =X48-X36 | Y72: =Y48-Y36
C74: 7．実績
E75: 売上 | L75: 粗利益 | S75: 粗利益率
E76: 46113 | F76: 46143 | G76: 46174 | H76: 46204 | I76: 46235 | J76: 46266 | K76: 合計 | L76: 46113 | M76: 46143 | N76: 46174 | O76: 46204 | P76: 46235 | Q76: 46266 | R76: 合計 | S76: 46113 | T76: 46143 | U76: 46174 | V76: 46204 | W76: 46235 | X76: 46266 | Y76: 合計
C77: 0021 集計 | D77: 高橋所長 | E77: 15744.501 | F77: 10976.27 | G77: 9450.687 | H77: 9629.106 | I77: 7893.202 | J77: 9142.034 | K77: =SUM(E77:J77) | L77: 3925.653 | M77: 2266.876 | N77: 1926.086 | O77: 2120.834 | P77: 1748.686 | Q77: 2221.32 | R77: =SUM(L77:Q77) | S77: =IF(E77=0,"***",L77/E77) | T77: =IF(F77=0,"***",M77/F77) | U77: =IF(G77=0,"***",N77/G77) | V77: =IF(H77=0,"***",O77/H77) | W77: =IF(I77=0,"***",P77/I77) | X77: =IF(J77=0,"***",Q77/J77) | Y77: =IF(K77=0,"***",R77/K77)
C78: 0024 集計 | D78: 東野 | E78: 12689.175 | F78: 18266.703 | G78: 19128.594 | H78: 16378.021 | I78: 13478.139 | J78: 15950.679 | K78: =SUM(E78:J78) | L78: 2483.551 | M78: 3112.73 | N78: 3824.482 | O78: 3200.535 | P78: 2715.531 | Q78: 3205.927 | R78: =SUM(L78:Q78) | S78: =IF(E78=0,"***",L78/E78) | T78: =IF(F78=0,"***",M78/F78) | U78: =IF(G78=0,"***",N78/G78) | V78: =IF(H78=0,"***",O78/H78) | W78: =IF(I78=0,"***",P78/I78) | X78: =IF(J78=0,"***",Q78/J78) | Y78: =IF(K78=0,"***",R78/K78)
C79: 0025 集計 | D79: 橋本課長 | E79: 9403.611 | F79: 9079.715 | G79: 8615.483 | H79: 9858.799 | I79: 9650.882 | J79: 11591.025 | K79: =SUM(E79:J79) | L79: 1990.233 | M79: 2007.683 | N79: 1874.108 | O79: 2151.642 | P79: 1952.649 | Q79: 2430.17 | R79: =SUM(L79:Q79) | S79: =IF(E79=0,"***",L79/E79) | T79: =IF(F79=0,"***",M79/F79) | U79: =IF(G79=0,"***",N79/G79) | V79: =IF(H79=0,"***",O79/H79) | W79: =IF(I79=0,"***",P79/I79) | X79: =IF(J79=0,"***",Q79/J79) | Y79: =IF(K79=0,"***",R79/K79)
C80: 0026 集計 | D80: 井上課長 | E80: 14052.193 | F80: 11657.203 | G80: 11564.469 | H80: 14695.665 | I80: 13183.796 | J80: 14028.019 | K80: =SUM(E80:J80) | L80: 2789.712 | M80: 2337.45 | N80: 2603.699 | O80: 3150.701 | P80: 2770.063 | Q80: 3020.484 | R80: =SUM(L80:Q80) | S80: =IF(E80=0,"***",L80/E80) | T80: =IF(F80=0,"***",M80/F80) | U80: =IF(G80=0,"***",N80/G80) | V80: =IF(H80=0,"***",O80/H80) | W80: =IF(I80=0,"***",P80/I80) | X80: =IF(J80=0,"***",Q80/J80) | Y80: =IF(K80=0,"***",R80/K80)
C81: 0027 集計 | D81: 中国 | I81: 0 | J81: 0 | K81: =SUM(E81:J81) | P81: 0 | Q81: 0 | R81: =SUM(L81:Q81) | S81: =IF(E81=0,"***",L81/E81) | T81: =IF(F81=0,"***",M81/F81) | U81: =IF(G81=0,"***",N81/G81) | V81: =IF(H81=0,"***",O81/H81) | W81: =IF(I81=0,"***",P81/I81) | X81: =IF(J81=0,"***",Q81/J81) | Y81: =IF(K81=0,"***",R81/K81)
C82: 0028 集計 | D82: 自治体 | G82: 94.2 | H82: 0 | I82: 69.1 | J82: 0 | K82: =SUM(E82:J82) | N82: 3.15 | O82: 0 | P82: 2.2 | Q82: 0 | R82: =SUM(L82:Q82)
C83: 0029 集計 | D83: その他 | I83: 0 | J83: 0 | K83: =SUM(E83:J83) | P83: 0 | Q83: 0 | R83: =SUM(L83:Q83) | S83: =IF(E83=0,"***",L83/E83) | T83: =IF(F83=0,"***",M83/F83) | U83: =IF(G83=0,"***",N83/G83) | V83: =IF(H83=0,"***",O83/H83) | W83: =IF(I83=0,"***",P83/I83) | X83: =IF(J83=0,"***",Q83/J83) | Y83: =IF(K83=0,"***",R83/K83)
C84: 合計 | E84: =SUM(E77:E83) | F84: =SUM(F77:F83) | G84: =SUM(G77:G83) | H84: =SUM(H77:H83) | I84: =SUM(I77:I83) | J84: =SUM(J77:J83) | K84: =SUM(E84:J84) | L84: =SUM(L77:L83) | M84: =SUM(M77:M83) | N84: =SUM(N77:N83) | O84: =SUM(O77:O83) | P84: =SUM(P77:P83) | Q84: =SUM(Q77:Q83) | R84: =SUM(L84:Q84) | S84: =IF(E84=0,"***",L84/E84) | T84: =IF(F84=0,"***",M84/F84) | U84: =IF(G84=0,"***",N84/G84) | V84: =IF(H84=0,"***",O84/H84) | W84: =IF(I84=0,"***",P84/I84) | X84: =IF(J84=0,"***",Q84/J84) | Y84: =IF(K84=0,"***",R84/K84)
C86: ８．計画比
E87: 売上 | L87: 粗利益 | S87: 粗利益率
E88: 46113 | F88: 46143 | G88: 46174 | H88: 46204 | I88: 46235 | J88: 46266 | K88: 合計 | L88: 46113 | M88: 46143 | N88: 46174 | O88: 46204 | P88: 46235 | Q88: 46266 | R88: 合計 | S88: 46113 | T88: 46143 | U88: 46174 | V88: 46204 | W88: 46235 | X88: 46266 | Y88: 合計
C89: 0021 集計 | D89: 高橋所長 | E89: =E77-E41 | F89: =F77-F41 | G89: =G77-G41 | H89: =H77-H41 | I89: =I77-I41 | J89: =J77-J41 | K89: =SUM(E89:J89) | L89: =L77-L41 | M89: =M77-M41 | N89: =N77-N41 | O89: =O77-O41 | P89: =P77-P41 | Q89: =Q77-Q41 | R89: =SUM(L89:Q89) | S89: =S77-S41 | T89: =T77-T41 | U89: =U77-U41 | V89: =V77-V41 | W89: =W77-W41 | X89: =X77-X41 | Y89: =Y77-Y41
C90: 0024 集計 | D90: 東野 | E90: =E78-E42 | F90: =F78-F42 | G90: =G78-G42 | H90: =H78-H42 | I90: =I78-I42 | J90: =J78-J42 | K90: =SUM(E90:J90) | L90: =L78-L42 | M90: =M78-M42 | N90: =N78-N42 | O90: =O78-O42 | P90: =P78-P42 | Q90: =Q78-Q42 | R90: =SUM(L90:Q90) | S90: =S78-S42 | T90: =T78-T42 | U90: =U78-U42 | V90: =V78-V42 | W90: =W78-W42 | X90: =X78-X42 | Y90: =Y78-Y42
C91: 0025 集計 | D91: 橋本課長 | E91: =E79-E43 | F91: =F79-F43 | G91: =G79-G43 | H91: =H79-H43 | I91: =I79-I43 | J91: =J79-J43 | K91: =SUM(E91:J91) | L91: =L79-L43 | M91: =M79-M43 | N91: =N79-N43 | O91: =O79-O43 | P91: =P79-P43 | Q91: =Q79-Q43 | R91: =SUM(L91:Q91) | S91: =S79-S43 | T91: =T79-T43 | U91: =U79-U43 | V91: =V79-V43 | W91: =W79-W43 | X91: =X79-X43 | Y91: =Y79-Y43
C92: 0026 集計 | D92: 井上課長 | E92: =E80-E44 | F92: =F80-F44 | G92: =G80-G44 | H92: =H80-H44 | I92: =I80-I44 | J92: =J80-J44 | K92: =SUM(E92:J92) | L92: =L80-L44 | M92: =M80-M44 | N92: =N80-N44 | O92: =O80-O44 | P92: =P80-P44 | Q92: =Q80-Q44 | R92: =SUM(L92:Q92) | S92: =S80-S44 | T92: =T80-T44 | U92: =U80-U44 | V92: =V80-V44 | W92: =W80-W44 | X92: =X80-X44 | Y92: =Y80-Y44
C93: 0027 集計 | D93: 中国 | E93: =E81-E45 | F93: =F81-F45 | G93: =G81-G45 | H93: =H81-H45 | I93: =I81-I45 | J93: =J81-J45 | K93: =SUM(E93:J93) | L93: =L81-L45 | M93: =M81-M45 | N93: =N81-N45 | O93: =O81-O45 | P93: =P81-P45 | Q93: =Q81-Q45 | R93: =SUM(L93:Q93) | S93: =S81-S45 | T93: =T81-T45 | U93: =U81-U45 | V93: =V81-V45 | W93: =W81-W45 | X93: =X81-X45 | Y93: =Y81-Y45
C94: 0028 集計 | D94: 自治体 | E94: =E82-E46 | F94: =F82-F46 | G94: =G82-G46 | H94: =H82-H46 | I94: =I82-I46 | J94: =J82-J46 | K94: =SUM(E94:J94) | L94: =L82-L46 | M94: =M82-M46 | N94: =N82-N46 | O94: =O82-O46 | P94: =P82-P46 | Q94: =Q82-Q46 | R94: =SUM(L94:Q94)
C95: 0029 集計 | D95: その他 | E95: =E83-E47 | F95: =F83-F47 | G95: =G83-G47 | H95: =H83-H47 | I95: =I83-I47 | J95: =J83-J47 | K95: =SUM(E95:J95) | L95: =L83-L47 | M95: =M83-M47 | N95: =N83-N47 | O95: =O83-O47 | P95: =P83-P47 | Q95: =Q83-Q47 | R95: =SUM(L95:Q95) | S95: =S83-S47 | T95: =T83-T47 | U95: =U83-U47 | V95: =V83-V47 | W95: =W83-W47 | X95: =X83-X47 | Y95: =Y83-Y47
C96: 合計 | E96: =SUM(E89:E95) | F96: =SUM(F89:F95) | G96: =SUM(G89:G95) | H96: =SUM(H89:H95) | I96: =SUM(I89:I95) | J96: =SUM(J89:J95) | K96: =SUM(E96:J96) | L96: =SUM(L89:L95) | M96: =SUM(M89:M95) | N96: =SUM(N89:N95) | O96: =SUM(O89:O95) | P96: =SUM(P89:P95) | Q96: =SUM(Q89:Q95) | R96: =SUM(L96:Q96) | S96: =S84-S48 | T96: =T84-T48 | U96: =U84-U48 | V96: =V84-V48 | W96: =W84-W48 | X96: =X84-X48 | Y96: =Y84-Y48
C98: 9．前期比
E99: 売上 | L99: 粗利益 | S99: 粗利益率
E100: 46113 | F100: 46143 | G100: 46174 | H100: 46204 | I100: 46235 | J100: 46266 | K100: 合計 | L100: 46113 | M100: 46143 | N100: 46174 | O100: 46204 | P100: 46235 | Q100: 46266 | R100: 合計 | S100: 46113 | T100: 46143 | U100: 46174 | V100: 46204 | W100: 46235 | X100: 46266 | Y100: 合計
C101: 0021 集計 | D101: 高橋所長 | E101: =E77-E17 | F101: =F77-F17 | G101: =G77-G17 | H101: =H77-H17 | I101: =I77-I17 | J101: =J77-J17 | K101: =SUM(E101:J101) | L101: =L77-L17 | M101: =M77-M17 | N101: =N77-N17 | O101: =O77-O17 | P101: =P77-P17 | Q101: =Q77-Q17 | R101: =SUM(L101:Q101) | S101: =S77-S17 | T101: =T77-T17 | U101: =U77-U17 | V101: =V77-V17 | W101: =W77-W17 | X101: =X77-X17 | Y101: =Y77-Y17
C102: 0024 集計 | D102: 東野 | E102: =E78-E18 | F102: =F78-F18 | G102: =G78-G18 | H102: =H78-H18 | I102: =I78-I18 | J102: =J78-J18 | K102: =SUM(E102:J102) | L102: =L78-L18 | M102: =M78-M18 | N102: =N78-N18 | O102: =O78-O18 | P102: =P78-P18 | Q102: =Q78-Q18 | R102: =SUM(L102:Q102) | S102: =S78-S18 | T102: =T78-T18 | U102: =U78-U18 | V102: =V78-V18 | W102: =W78-W18 | X102: =X78-X18 | Y102: =Y78-Y18
C103: 0025 集計 | D103: 橋本課長 | E103: =E79-E19 | F103: =F79-F19 | G103: =G79-G19 | H103: =H79-H19 | I103: =I79-I19 | J103: =J79-J19 | K103: =SUM(E103:J103) | L103: =L79-L19 | M103: =M79-M19 | N103: =N79-N19 | O103: =O79-O19 | P103: =P79-P19 | Q103: =Q79-Q19 | R103: =SUM(L103:Q103) | S103: =S79-S19 | T103: =T79-T19 | U103: =U79-U19 | V103: =V79-V19 | W103: =W79-W19 | X103: =X79-X19 | Y103: =Y79-Y19
C104: 0026 集計 | D104: 井上課長 | E104: =E80-E20 | F104: =F80-F20 | G104: =G80-G20 | H104: =H80-H20 | I104: =I80-I20 | J104: =J80-J20 | K104: =SUM(E104:J104) | L104: =L80-L20 | M104: =M80-M20 | N104: =N80-N20 | O104: =O80-O20 | P104: =P80-P20 | Q104: =Q80-Q20 | R104: =SUM(L104:Q104) | S104: =S80-S20 | T104: =T80-T20 | U104: =U80-U20 | V104: =V80-V20 | W104: =W80-W20 | X104: =X80-X20 | Y104: =Y80-Y20
C105: 0027 集計 | D105: 中国 | E105: =E81-E21 | F105: =F81-F21 | G105: =G81-G21 | H105: =H81-H21 | I105: =I81-I21 | J105: =J81-J21 | K105: =SUM(E105:J105) | L105: =L81-L21 | M105: =M81-M21 | N105: =N81-N21 | O105: =O81-O21 | P105: =P81-P21 | Q105: =Q81-Q21 | R105: =SUM(L105:Q105) | S105: =S81-S21 | T105: =T81-T21 | U105: =U81-U21 | V105: =V81-V21 | W105: =W81-W21 | X105: =X81-X21 | Y105: =Y81-Y21
C106: 0028 集計 | D106: 自治体 | E106: =E82-E22 | F106: =F82-F22 | G106: =G82-G22 | H106: =H82-H22 | I106: =I82-I22 | J106: =J82-J22 | K106: =SUM(E106:J106) | L106: =L82-L22 | M106: =M82-M22 | N106: =N82-N22 | O106: =O82-O22 | P106: =P82-P22 | Q106: =Q82-Q22 | R106: =SUM(L106:Q106)
C107: 0029 集計 | D107: その他 | E107: =E83-E23 | F107: =F83-F23 | G107: =G83-G23 | H107: =H83-H23 | I107: =I83-I23 | J107: =J83-J23 | K107: =SUM(E107:J107) | L107: =L83-L23 | M107: =M83-M23 | N107: =N83-N23 | O107: =O83-O23 | P107: =P83-P23 | Q107: =Q83-Q23 | R107: =SUM(L107:Q107) | S107: =S83-S23 | T107: =T83-T23 | U107: =U83-U23 | V107: =V83-V23 | W107: =W83-W23 | X107: =X83-X23 | Y107: =Y83-Y23
C108: 合計 | E108: =SUM(E101:E107) | F108: =SUM(F101:F107) | G108: =SUM(G101:G107) | H108: =SUM(H101:H107) | I108: =SUM(I101:I107) | J108: =SUM(J101:J107) | K108: =SUM(E108:J108) | L108: =SUM(L101:L107) | M108: =SUM(M101:M107) | N108: =SUM(N101:N107) | O108: =SUM(O101:O107) | P108: =SUM(P101:P107) | Q108: =SUM(Q101:Q107) | R108: =SUM(L108:Q108) | S108: =S84-S24 | T108: =T84-T24 | U108: =U84-U24 | V108: =V84-V24 | W108: =W84-W24 | X108: =X84-X24 | Y108: =Y84-Y24

Sheet 総括
D1: 下関営業所第51期下期予算について
D3: 管理職の業務は数字責任と人材育成です。なので営業所全体の目標達成に取り組みます。
D4: 所長は予算の過年度平均増加分の人員からは外した上で、営業所全体で計画を作成ます。その営業所全体の予算から所長含めて営業担当に配分するようにお願いします。
G7: 2024年4～9月 | J7: 2025年4～9月 | M7: 過年度平均 | P7: 計画 | U7: 根拠
G8: 売上 | H8: 粗利益 | I8: 粗利益率 | J8: 売上 | K8: 粗利益 | L8: 粗利益率 | M8: 売上 | N8: 粗利益 | O8: 粗利益率 | P8: 売上 | Q8: 粗利益 | R8: 粗利益率 | S8: 売上年率 | T8: 粗利益年率
D9: 下関営業所 | G9: 267380.69 | H9: 52847.744 | I9: =H9/G9 | J9: 261100.13 | K9: 53924.924 | L9: =K9/J9 | M9: =(G9+J9)/2 | N9: =(H9+K9)/2 | O9: =N9/M9 | P9: =P10+P14+P13 | Q9: =Q10+Q14+Q13 | R9: =Q9/P9 | S9: =P9/J9-1 | T9: =Q9/K9-1
E10: 営業 | G10: =G9-G14-G13 | H10: =H9-H14-H13 | I10: =H10/G10 | J10: =J9-J14-J13 | K10: =K9-K14-K13 | L10: =K10/J10 | M10: =(G10+J10)/2 | N10: =(H10+K10)/2 | O10: =N10/M10 | P10: =P11+P12 | Q10: =Q11+Q12 | R10: =Q10/P10 | S10: =P10/J10-1 | T10: =Q10/K10-1
F11: 包装資材 | G11: =G10-G12 | H11: =H10-H12 | I11: =H11/G11 | J11: =J10-J12 | K11: =K10-K12 | L11: =K11/J11 | M11: =(G11+J11)/2 | N11: =(H11+K11)/2 | O11: =N11/M11 | P11: =包装資材!K48-全体!K46 | Q11: =包装資材!R48-全体!R46 | R11: =Q11/P11 | S11: =P11/J11-1 | T11: =Q11/K11-1
F12: 機械 | G12: 3476 | H12: 555 | I12: =H12/G12 | J12: 4367 | K12: 4367 | L12: =K12/J12 | M12: =(G12+J12)/2 | N12: =(H12+K12)/2 | O12: =N12/M12 | P12: =機械!K48 | Q12: =機械!R48 | R12: =Q12/P12 | S12: =P12/J12-1 | T12: =Q12/K12-1
E13: 自治体 | G13: 0 | H13: 0 | I13: =H13/G13 | J13: 107.5 | K13: 3.6 | L13: =K13/J13 | M13: 53.75 | N13: 1.8 | O13: =N13/M13 | P13: 200 | Q13: 20 | R13: =Q13/P13 | S13: =P13/J13-1 | T13: =Q13/K13-1
E14: 中国事業 | G14: 5482.893 | H14: 313.823 | I14: =H14/G14 | J14: 0 | K14: 0 | L14: =K14/J14 | M14: =(G14+J14)/2 | N14: =(H14+K14)/2 | O14: =N14/M14 | P14: 0 | Q14: 0 | R14: =Q14/P14 | S14: =P14/J14-1 | T14: =Q14/K14-1
